{"accuracy": {"mean": 0.96953, "std_dev": 0.0043, "iqr": 0.00675, "cv": 0.00444, "95_confidence_interval": [0.96867, 0.97038]}, "recall": {"mean": 0.9385, "std_dev": 0.00866, "iqr": 0.01365, "cv": 0.00923, "95_confidence_interval": [0.93678, 0.94022]}, "precision": {"mean": 0.9449, "std_dev": 0.00664, "iqr": 0.00984, "cv": 0.00703, "95_confidence_interval": [0.94359, 0.94622]}, "f1": {"mean": 0.93872, "std_dev": 0.00868, "iqr": 0.01341, "cv": 0.00925, "95_confidence_interval": [0.937, 0.94044]}}