{"duration": 0.10052490234375, "joint_position": [1.1279037634478968, -0.9530881208232422, -0.08447677293886358, -2.4318257770934046, -1.5508940855609339, 0.026090145111083984], "fx": {"values": [-6.772040949386744, -6.772040949386744, -6.474546130867295, -6.84270506128073, -6.527409319414547, -7.028625522543862, -7.015428192579531, -6.698822206645291, -6.265904426115384, -7.128787547682957, -6.8417397283952015, -6.527995893147363], "mean": -6.74133716062047, "standard_deviation": 0.24500352869540967, "confidence_interval": 0.2326899435875364, "max": -6.265904426115384, "min": -7.128787547682957}, "fy": {"values": [5.949638473642839, 5.949638473642839, 5.947846018469373, 5.953976783211409, 5.932125515423608, 6.042927001512024, 5.9304031458945206, 5.468622761585479, 5.857349247663887, 6.136176696954284, 5.900759315987022, 5.805316010945349], "mean": 5.906231620411053, "standard_deviation": 0.1540291358891367, "confidence_interval": 0.14628781524791037, "max": 6.136176696954284, "min": 5.468622761585479}, "fz": {"values": [24.750626561510927, 24.750626561510927, 24.83570614770354, 24.95772057642548, 24.775381567666145, 24.623359898625832, 24.50673101610751, 24.507631522986284, 24.82711989592513, 24.480914764004396, 24.594051638575518, 24.41194501920912], "mean": 24.6684845975209, "standard_deviation": 0.16388935728144802, "confidence_interval": 0.15565247367448318, "max": 24.95772057642548, "min": 24.41194501920912}, "mx": {"values": [-0.8665390412611005, -0.8665390412611005, -0.8544233787636077, -0.8595008895318532, -0.8540837212414154, -0.8709207271017494, -0.8638738200536762, -0.8803845832464452, -0.8629813139607829, -0.8672980869497868, -0.8712164124026449, -0.8654191058627663], "mean": -0.8652650101364108, "standard_deviation": 0.0069901670722845345, "confidence_interval": 0.006638849613221172, "max": -0.8540837212414154, "min": -0.8803845832464452}, "my": {"values": [0.3324803579946482, 0.3324803579946482, 0.3415988318355304, 0.33980817718550166, 0.33147648618228515, 0.34266753213896367, 0.32405467675966126, 0.33472567059626596, 0.32110830935635915, 0.33422241976344563, 0.33960254022483494, 0.3248200885019292], "mean": 0.33325378737783945, "standard_deviation": 0.006783856263372243, "confidence_interval": 0.0064429077394737855, "max": 0.34266753213896367, "min": 0.32110830935635915}, "mz": {"values": [0.033729707497855144, 0.033729707497855144, 0.03152384760198855, 0.02984207101724265, 0.030446450768295538, 0.028008372591613984, 0.021086725825284702, 0.021981552552802083, 0.03132845766128846, 0.030039298748079354, 0.030027729945174317, 0.02386733774056854], "mean": 0.028800938287337374, "standard_deviation": 0.00408452378614011, "confidence_interval": 0.0038792404927378496, "max": 0.033729707497855144, "min": 0.021086725825284702}}