{"duration": 0.20048832893371582, "joint_position": [1.12791616121401, -0.9531000417521973, -0.08453637758363897, -2.4318257770934046, -1.5509064833270472, 0.026114225387573242], "fx": {"values": [-7.275723225650312, -6.982658337663126, -6.7903414711788574, -7.006470888793295, -6.814611014802411, -6.932346973927816, -6.463472009500062, -6.9274260938507535, -6.6235963455004025, -6.376738712502522, -6.725153692417292, -6.332248449410308, -6.715786726064745, -6.928926292873479, -6.465826402520282, -6.638319166824338, -6.650650342269379, -6.974388036406137, -7.008325468883173, -6.958939918655212, -6.458608168138217, -6.557067411685935], "mean": -6.754892052250821, "standard_deviation": 0.24289773472540901, "confidence_interval": 0.17037584473677425, "max": -6.332248449410308, "min": -7.275723225650312}, "fy": {"values": [5.929325564337186, 5.979291513450585, 5.712175350930083, 5.839440392346444, 5.669714085949055, 6.001324640274249, 5.916681886395202, 5.968749214936852, 5.918894600627536, 5.57838138370263, 6.08769788948557, 5.846922938077979, 5.890383504863976, 5.637475347578355, 5.837774114543327, 5.589724224911387, 5.824834258137843, 5.613991220927759, 5.675724600629714, 5.902806187365092, 5.81463105347213, 5.829376123523492], "mean": 5.821150913475748, "standard_deviation": 0.14120417609538513, "confidence_interval": 0.09904489562164218, "max": 6.08769788948557, "min": 5.57838138370263}, "fz": {"values": [24.582563295365023, 24.47722044630842, 24.528845220390764, 24.451079425265767, 24.66749506361788, 24.98005180946494, 25.131209142326995, 24.89643181924422, 24.78548899191245, 24.83337762331076, 24.763625805099096, 24.988696925976907, 24.863972478781996, 25.060829041160794, 24.608507541306626, 25.115799241765263, 25.147248649311525, 24.993777192738, 24.47193049732124, 25.06202057759599, 24.929263550980423, 24.64895928378762], "mean": 24.81765425559239, "standard_deviation": 0.22659223018800445, "confidence_interval": 0.15893866887113617, "max": 25.147248649311525, "min": 24.451079425265767}, "mx": {"values": [-0.8684981377976844, -0.8603259502829964, -0.8748841465487659, -0.8559872036836058, -0.8631034432819836, -0.8650064190604289, -0.8592427280036394, -0.857038002972005, -0.8635056335609559, -0.8694390783478947, -0.8620892766618286, -0.8717712623922612, -0.8651795850897204, -0.8624564832728893, -0.8721025943439062, -0.8782668010961435, -0.8671918082278507, -0.8743748822549687, -0.871796855607778, -0.8601813136063425, -0.865739497589202, -0.872662978825855], "mean": -0.8664020037503959, "standard_deviation": 0.0060321055826829595, "confidence_interval": 0.00423110197117665, "max": -0.8559872036836058, "min": -0.8782668010961435}, "my": {"values": [0.34331180727973104, 0.3326884524242734, 0.3438725396087494, 0.3418606302763586, 0.34824117796962306, 0.34742250451447954, 0.33939819987017217, 0.3467143022064758, 0.3338278800868119, 0.323277434051898, 0.34263357540585776, 0.33246696791981134, 0.33856965485945323, 0.34662542377025407, 0.33095431033598105, 0.337750166892457, 0.34171673252237095, 0.34296262120459203, 0.34347734363561455, 0.34776770990552863, 0.34428027779853687, 0.3331841005801782], "mean": 0.34013653695996393, "standard_deviation": 0.006445966027462573, "confidence_interval": 0.0045213962506279425, "max": 0.34824117796962306, "min": 0.323277434051898}, "mz": {"values": [0.02415096613833545, 0.027721395771550278, 0.03149814517064471, 0.022341979896112002, 0.022117037487646887, 0.021787298959736842, 0.027545577008822444, 0.025670975448690778, 0.029456679845395378, 0.027071508723736093, 0.016703284715219688, 0.02953119419800028, 0.028513924886453393, 0.020746618122131993, 0.02285977829683347, 0.029037282303818218, 0.023314900675188502, 0.03174203646682379, 0.02887820727272615, 0.02182730900642585, 0.021413911819536224, 0.023289296042890387], "mean": 0.025328150375305402, "standard_deviation": 0.0039001105521364304, "confidence_interval": 0.00273565593618334, "max": 0.03174203646682379, "min": 0.016703284715219688}}