{"duration": 0.5004534721374512, "joint_position": [1.127951447163717, -0.9531000417521973, -0.0844648520099085, -2.431849618951315, -1.5509422461139124, 0.026149988174438477], "fx": {"values": [-6.4411804894138, -6.4411804894138, -6.901233330513456, -6.813701859214994, -6.731288169423403, -6.719739109832273, -6.813847493087486, -6.969057335267156, -6.458624053183824, -6.868500683429999, -6.154629463248111, -6.658828539649012, -6.667212000148354, -6.6800075906714484, -6.9611590813752295, -6.4633811049455865, -6.534819752229575, -6.517441914175962, -6.703664880210249, -6.669394863150998, -6.690422758938397, -6.828503291518967, -6.947492059870603, -6.954260943282773, -6.593681421626444, -7.154004859242499, -6.70343627395445, -6.868336211100515, -6.469071732310175, -6.537751266614068, -6.756163552977792, -6.531125681231336, -6.750934447437089, -7.080282001780299, -6.7550704563758766, -6.946919485934071, -6.629097185390799, -7.06978557102669, -6.965021942743394, -6.526698670335513, -6.491228199212652, -6.727050431670852, -6.781460500904649, -7.661347721020631, -6.573951112912846, -6.456388113746614, -6.404082216070365, -6.513138649834193, -6.372110750639848, -6.464431097132725, -6.23910788418678, -6.759836132325166], "mean": -6.6994439389602665, "standard_deviation": 0.2538864653101277, "confidence_interval": 0.11583339232401144, "max": -6.154629463248111, "min": -7.661347721020631}, "fy": {"values": [5.82692024826801, 5.82692024826801, 5.748606908014321, 6.103358077989622, 5.951861236163239, 6.267855019253457, 5.903059760477873, 5.7581049297980105, 5.813054998506317, 5.9103242090709625, 5.71184834823744, 5.844491216042176, 6.028684734156454, 5.92619851816538, 5.841726130693285, 5.706644757680136, 5.866703783039027, 5.652735862848843, 5.980412703895537, 6.153246349336639, 6.265034160373021, 6.059006054690174, 5.800664920550004, 5.936591167293401, 5.76372887592125, 5.851140226105501, 6.053123277809, 5.808426327817281, 5.9719994418712625, 6.084969951446854, 5.780121647960127, 5.685908443738805, 5.991374522551072, 5.971880982068158, 5.836283687927745, 6.154866210602286, 5.824644377238068, 5.223774606386757, 5.820918178302091, 5.760616169287123, 5.899373386636504, 6.092226853845273, 5.754722743259869, 5.723647918750199, 5.5308664426577945, 5.916978421089108, 5.87401268754232, 6.0219880497819664, 5.6663539285045115, 5.807118514166014, 5.7403441409717875, 6.06368672283215], "mean": 5.876137520766965, "standard_deviation": 0.18030900804175304, "confidence_interval": 0.08226434616174305, "max": 6.267855019253457, "min": 5.223774606386757}, "fz": {"values": [25.60340008252664, 25.60340008252664, 25.59177731817537, 25.290540207713313, 25.40530851349772, 25.55443262980838, 25.156029778606374, 25.54337998735943, 25.24321801449977, 25.442731623487063, 25.407942694729805, 25.145357257142642, 25.40641473384334, 25.264736171988773, 25.248666524636363, 25.36555429579743, 25.199660436127246, 25.808174885526995, 25.571230609965426, 25.594427816500044, 25.272898230375016, 25.47110327644615, 25.34591140514317, 25.424514956286863, 25.258891380291843, 25.359063962475716, 25.197249465522468, 25.244543271169718, 25.395296271665494, 25.13227107222294, 25.013052656387813, 24.867780896039445, 24.98895127045172, 25.25265901929253, 25.165820172785047, 25.602100487672644, 25.707360886686253, 25.20865148373403, 25.35613163486415, 25.057048244977352, 25.219454479341024, 25.542865784286207, 24.975596826638384, 25.072654033267018, 25.158092744087945, 25.22457010160057, 25.40329952109476, 25.320840291985903, 25.220138663125518, 25.292909508010812, 25.105431173265995, 25.011991943459527], "mean": 25.3137601688291, "standard_deviation": 0.20222708598802733, "confidence_interval": 0.09226427001998337, "max": 25.808174885526995, "min": 24.867780896039445}, "mx": {"values": [-0.8694473399493173, -0.8694473399493173, -0.8727966641645968, -0.8564700173170259, -0.8594423258046657, -0.8559269244051773, -0.8631105032980935, -0.8720014473720537, -0.873476212819595, -0.8618499500965632, -0.8640663324792579, -0.8724206304534516, -0.8601872572041558, -0.8707730358687003, -0.8689660675509572, -0.8800535621613411, -0.8703728182743122, -0.8714384787521623, -0.8665606384117465, -0.8501524694251814, -0.8512625049742386, -0.8542866812098978, -0.8661458335907415, -0.8607607084840301, -0.8655545253457844, -0.8613465377615397, -0.8588612103237395, -0.8698898108260864, -0.8643730130945064, -0.8638576795053293, -0.8618075825554188, -0.8707502216886989, -0.8615047343300943, -0.855361116055225, -0.8642925215421109, -0.8603078923639826, -0.8624704030533202, -0.88109054273661, -0.860940543861441, -0.8742071546811195, -0.8610326377927028, -0.866193792440196, -0.877934442406436, -0.8729869949893001, -0.8767742685284462, -0.866220812595513, -0.8641671348384692, -0.8572255889424344, -0.8740070044879131, -0.8626302569939623, -0.866048665626727, -0.8673979743488924], "mean": -0.8655894386102416, "standard_deviation": 0.0069764278949599285, "confidence_interval": 0.00318293182107977, "max": -0.8501524694251814, "min": -0.88109054273661}, "my": {"values": [0.3294077100879641, 0.3294077100879641, 0.3364451110141163, 0.34344096054996115, 0.3434000369981287, 0.3359812542765159, 0.34091020338930667, 0.3372028441560635, 0.3310388688655911, 0.33911920497088005, 0.31891733188221627, 0.3374249276313834, 0.3331130558422013, 0.3328301427806434, 0.3387373805666307, 0.32964176280149, 0.3385547162767526, 0.3411159964592494, 0.3426180564164163, 0.33354267747802024, 0.3411571818106248, 0.3472991081848695, 0.3401151393853753, 0.345329649089624, 0.3427666244223361, 0.3519279241822566, 0.3392374367799883, 0.34652529229077017, 0.33534070997800985, 0.32915163870125874, 0.3403386124464305, 0.3287182555097777, 0.34841889606686693, 0.3596427170379532, 0.33833584632424074, 0.3417126422955221, 0.3395633355319987, 0.34889570008594667, 0.34616788394660836, 0.333206898968969, 0.3413204048563524, 0.3375426819731995, 0.34107501377195426, 0.3615889588800857, 0.3430182594334259, 0.3343484252743649, 0.33086195916252964, 0.33690792664842484, 0.32734282729836944, 0.3415674436190318, 0.3270983708770211, 0.3326430811539331], "mean": 0.33869263074076184, "standard_deviation": 0.007782336786667609, "confidence_interval": 0.0035506204283340184, "max": 0.3615889588800857, "min": 0.31891733188221627}, "mz": {"values": [0.02373583561183125, 0.02373583561183125, 0.026049932882870178, 0.030619052078634745, 0.02031266820017645, 0.024199113897679952, 0.026058605092430603, 0.019688865014927726, 0.02624381661036096, 0.02384842883935824, 0.03186090436696576, 0.021268417162502926, 0.019728311116239447, 0.026459657943064485, 0.03150411346894055, 0.024815722533446355, 0.02134158438803964, 0.02335470962282274, 0.025422258601622602, 0.022989712704259258, 0.02921915026684023, 0.029007631021045185, 0.02906282045131571, 0.01810130881341336, 0.029116777253875445, 0.016934534616723798, 0.033763784634686725, 0.026183782374517156, 0.03125269849226646, 0.022847792235325223, 0.02434926223065681, 0.025150339387209897, 0.02584431665763999, 0.015965692599138465, 0.019627042976594677, 0.016882759018016974, 0.026231569021661308, 0.021598971227490535, 0.024718005350735345, 0.019408895681010757, 0.026985266733561844, 0.02390872986228544, 0.019472205750957705, 0.016250672800765434, 0.024679604647019432, 0.023404198939545387, 0.02610866373862579, 0.03015115380890157, 0.02768878835496505, 0.026642753988142004, 0.03053312718435644, 0.023055709104425712], "mean": 0.02456510682637926, "standard_deviation": 0.00426354766603433, "confidence_interval": 0.0019452048729285975, "max": 0.033763784634686725, "min": 0.015965692599138465}}