{"duration": 1.0004796981811523, "joint_position": [1.127951447163717, -0.9531000417521973, -0.08447677293886358, -2.4318138561644496, -1.5509064833270472, 0.026114225387573242], "fx": {"values": [-6.285701812406105, -6.285701812406105, -7.2440934157743415, -6.867266960398896, -6.5818622117236165, -6.933407534132576, -6.842992770435167, -6.846368000436213, -6.839714692875403, -6.867370092007338, -6.764424786481413, -6.668246759253758, -6.806410290628548, -6.2958051212283035, -7.088756129728013, -7.124331613171553, -7.085152679347538, -6.5816102535956915, -7.324764125248126, -6.996622847633441, -6.563789929025825, -6.728680689167545, -6.484588415215647, -7.028533210646195, -6.085919677986115, -7.111701414443299, -6.835210709263775, -6.776034818847229, -7.083053718919249, -6.762611434969333, -6.937841437327064, -6.975643540633182, -6.530295778987905, -6.944728512567963, -6.999655643792048, -6.780451636291019, -6.453158724718456, -6.6049968125284515, -6.850914701103694, -6.550754201054369, -6.647847718403033, -7.247715639680973, -6.866455313070014, -6.918765409523613, -6.864631000754879, -6.9403720494748935, -6.882561516500658, -6.676114832383281, -6.564906876734647, -6.601979253557762, -6.4259443828757075, -6.781332112488904, -6.8090288994038435, -6.865995290176953, -6.850810453738399, -7.105778953439451, -6.503146984583839, -6.9211146099037295, -6.813675487654769, -6.322884368822945, -6.429134080424994, -7.074751562352523, -6.431112701684815, -6.718075025534775, -6.687319878558209, -6.118390981221017, -6.770315676753258, -6.930736895280333, -6.9472157320137695, -7.146871636975017, -6.552957012540042, -7.121676220025661, -6.853096461802929, -6.716880998808096, -6.546816795031456, -6.611909665326044, -7.043060059704434, -7.040233922488083, -6.905228687988166, -6.756443838384779, -6.487166461522766, -6.806660259179057, -7.192633474505062, -7.094521066991492, -7.216508425692287, -6.6863947868438425, -6.731288816687052, -7.065629091129937, -6.861958942589733, -7.346242648344904, -6.630514420000246, -6.856713957474337, -6.819856297435326, -6.716763753662523, -7.028207996715055, -6.972270523306707, -6.785461465322998, -6.737252555714532, -6.981756684864044, -6.909094514322293, -6.794994847197985, -6.97078674354869], "mean": -6.805148388583552, "standard_deviation": 0.25186453183401564, "confidence_interval": 0.0820470225809205, "max": -6.085919677986115, "min": -7.346242648344904}, "fy": {"values": [5.626875416055267, 5.626875416055267, 5.584021537626456, 5.996825124513369, 5.71540288163847, 5.852583617482616, 5.558804501479622, 5.526418488895603, 5.739311492192785, 5.932538858089163, 5.739500449459788, 5.701625758318517, 5.633541800491751, 5.645160743558144, 5.736627083105549, 5.620861626716606, 5.559562869351633, 5.764708826054883, 5.6498044211344, 5.892079050927819, 5.833269477398208, 5.763842589553071, 5.851332788385475, 5.553479723096057, 5.612960560644168, 5.770501431088565, 5.3534452266805275, 5.958663044281012, 5.953570042961578, 5.780739962303243, 5.947240949676459, 5.397175878949384, 5.498237225495511, 5.345765843727499, 5.606715929347947, 5.398306212254649, 5.669320927212862, 5.563034838936762, 5.695130375745572, 5.984661434094801, 5.985150964100953, 5.70458819602741, 5.829938302546921, 5.624001115222501, 5.728750575705378, 5.7259050856326805, 5.809822219578511, 5.667283308821416, 5.631799908128841, 5.4045863563527075, 5.725340950904157, 5.818688777576527, 5.587571178341169, 5.799088148710393, 5.758300413164157, 5.52018362066981, 5.911365501613591, 5.8675354797325365, 5.544766018267339, 5.843076201555617, 5.918651651169975, 6.013902193559903, 5.9892414034061545, 5.711052014637499, 5.909427232959175, 5.80964265831672, 5.680679125719797, 5.832420019465781, 5.658300674775943, 5.962910734049479, 5.6182609537176225, 5.490234264207853, 5.8666767858434, 5.870445716246765, 5.612992746680205, 5.7529115220850064, 5.453327390943938, 5.69643753033169, 5.567949707484273, 5.886408468288794, 5.881893693370542, 6.1261905035862165, 5.615503703352504, 5.582498307853582, 5.8757469196783125, 5.738140234151865, 5.6175438286040675, 5.915203079060424, 5.749524308174441, 5.894632321398078, 5.994279146478624, 5.891875451099756, 5.8121861316702095, 5.6665446964893045, 5.731364323573505, 5.872268702299927, 5.863189761328909, 5.75389184276423, 5.42814506792155, 5.792502055649612, 5.639499407408316, 5.819343674521812], "mean": 5.7322755559015635, "standard_deviation": 0.16380319896601253, "confidence_interval": 0.05336029121102457, "max": 6.1261905035862165, "min": 5.345765843727499}, "fz": {"values": [25.91024542229487, 25.91024542229487, 25.676482172926463, 25.931710550826594, 26.043121219838472, 25.696580143321924, 25.635475452627887, 26.189533512944354, 25.75799637652596, 25.64133959244961, 25.848318479761446, 25.154657889223948, 25.818098853906157, 25.61638532283545, 25.607172273244082, 25.567411646324082, 25.483638600914666, 25.49244738143118, 25.698607288702313, 25.52901842125696, 25.493852809986997, 25.51074952161358, 25.69927640983716, 25.768839119632993, 25.808841271112723, 25.50742470994299, 25.81724560677132, 26.32445156586037, 25.97309649328604, 26.07109192129819, 25.570290968752154, 25.96303821529596, 25.971534467705734, 25.991545344219148, 25.880102850096122, 25.75635865760846, 25.72695673550963, 25.544043408165486, 25.487193999481555, 25.62100206328913, 25.417724269433393, 25.485975404657026, 25.72782250669574, 25.92020718591862, 25.921269923017057, 25.699165760364163, 25.709574668306644, 25.80168602283569, 25.780276417133884, 25.60274392017763, 25.786811540510236, 25.714047762649344, 25.67075791823048, 25.811013041094803, 25.549220335659328, 25.444259517963125, 25.820638081389145, 25.689588307800406, 25.52338058025329, 25.56872842270415, 25.59748727209419, 25.586689021647732, 25.76280188756945, 25.64634447958262, 25.877407940084254, 25.9294140848182, 26.178065934149245, 25.75898268036066, 25.552321611750408, 25.588330363640395, 25.912669563232086, 25.593234001950925, 25.424894351022118, 25.554453890395394, 25.561806034801073, 25.630253232827705, 25.568662370542974, 25.594644919848598, 25.64863768805896, 25.507699390982463, 25.686179890885214, 26.031737777487578, 25.696019051271854, 25.727188722143467, 25.64254691868693, 25.500573799793127, 25.55934691654695, 25.58826538912102, 25.85106077283691, 25.745448536076115, 25.72449667377342, 25.454154914267278, 25.24142066619805, 25.591315786116084, 25.55218823351658, 25.30100142131144, 25.555837213833016, 25.664169180195977, 25.478548158315352, 25.65442099720881, 25.44325204176933, 25.317832616079766], "mean": 25.68453058967358, "standard_deviation": 0.2001447935149905, "confidence_interval": 0.06519887605214732, "max": 26.32445156586037, "min": 25.154657889223948},