{"duration": 0.5004065036773682, "joint_position": [1.1279037634478968, -0.9531000417521973, -0.08452397981752569, -2.43186153988027, -1.5509303251849573, 0.026161909103393555], "fx": {"values": [-6.536050401515925, -6.536050401515925, -6.995663019948401, -6.821148724753449, -6.406215476198642, -7.176594401065922, -6.370914671485514, -6.547797617325211, -6.574683653526854, -6.719004934440701, -6.8996452012296245, -6.774862508650807, -6.763649714140134, -7.095041925794767, -6.6935557097377, -6.650255880915934, -6.641940119469458, -6.1729839246401355, -6.711585857271073, -6.233405948761138, -6.76975028582639, -6.6533933706385975, -6.64741413188605, -6.098963941318894, -7.008054256558552, -6.9880209622399185, -6.517368604430423, -7.019310401156306, -6.511414959273652, -6.514315694106941, -6.703078779762076, -7.061651433675483, -6.684681450907232, -6.887470245921705, -6.558856234084214, -6.747461670210496, -6.485273131617674, -7.164850389114379, -6.85142752452977, -6.60886506190329, -6.70210166792748, -6.659147312587601, -6.399278861965455, -6.867215188338298, -6.459008806061664, -6.198719998058744, -6.499007316424881, -6.881322357404436, -6.7824252275193855, -6.371125079450479, -7.594214348402944, -6.635087130488734], "mean": -6.689448575311143, "standard_deviation": 0.27650360705453086, "confidence_interval": 0.12615225768663352, "max": -6.098963941318894, "min": -7.594214348402944}, "fy": {"values": [5.915037552852034, 5.915037552852034, 6.0779136320506195, 5.9740541406790175, 5.686789897530482, 5.939528543988224, 6.004736058381714, 5.8842578749101815, 5.917518337323823, 6.223499803315672, 6.137844502073923, 6.055882987291409, 5.934372874458556, 5.856106483088909, 5.990153520014141, 6.075393419701854, 5.977771562457571, 6.026620966992741, 5.921810265749489, 6.169192086606482, 6.102044213286256, 5.922018376096316, 6.047651918001978, 5.824257748169036, 5.839609873488342, 5.873730838084724, 6.05032964735293, 5.958445444966182, 5.998350147546157, 5.813103194974122, 6.0873044703965515, 5.4674466033547935, 5.985441421097207, 5.906652428230163, 6.003091854814112, 5.800172059612974, 5.828082329088924, 6.0773384394691385, 5.885282711470149, 6.147377452926426, 5.753802374421205, 5.815766006104963, 6.035123190033894, 5.981467923718831, 5.68973093380756, 5.822761755429811, 5.729692097490886, 5.493077585652449, 5.709471206836907, 6.074704234376682, 6.0332685295647765, 6.071870686081639], "mean": 5.932922879966634, "standard_deviation": 0.1543688586415622, "confidence_interval": 0.07042938875767099, "max": 6.223499803315672, "min": 5.4674466033547935}, "fz": {"values": [25.529549986866556, 25.529549986866556, 25.43243644158249, 25.313135568978836, 25.379703180858698, 25.326773831925987, 25.6506499740066, 25.45743425446998, 25.51344430200041, 25.34849339240477, 25.348340807562195, 25.48415665916808, 25.13634052000178, 24.978966705810706, 25.16248815035572, 25.339790854568275, 25.418666787753235, 24.906039847680475, 25.250945668617593, 25.493600678388585, 25.069853258323768, 25.39380077165353, 25.084667143130083, 25.17983249406656, 25.447435282534208, 25.547142420047535, 25.33462491912134, 25.413199922900006, 25.623370748504428, 25.450815548075603, 25.57454404884782, 25.38684455354886, 25.41709419945557, 25.385559644759834, 25.09311934987207, 25.407635620703232, 25.12463629148447, 25.486288264663266, 24.992165724233665, 25.51147350967927, 25.457064037122237, 25.621180084552364, 25.64493850117568, 25.46670687667816, 25.05493649007217, 25.6423870208611, 25.41756311581554, 25.500390911389168, 24.808417287393965, 25.204925456692976, 24.973838871338693, 25.217427283540722], "mean": 25.344892062540488, "standard_deviation": 0.2055261302716942, "confidence_interval": 0.09376942899069685, "max": 25.6506499740066, "min": 24.808417287393965}, "mx": {"values": [-0.868341764807197, -0.868341764807197, -0.8555307820154698, -0.864689674702906, -0.8686697638219065, -0.863163240806275, -0.8615963780606299, -0.858504710259355, -0.8672603004812915, -0.8536771114709001, -0.8524419280396336, -0.8645022443731953, -0.868127788158186, -0.8707448760386927, -0.8621539768825361, -0.8558640633855815, -0.8645956083925772, -0.8533455238884781, -0.8619752287072622, -0.8558661807727069, -0.8621124585724904, -0.867642639805729, -0.8686516431955066, -0.8691655735733546, -0.8689083440663564, -0.8618346612180164, -0.8582160625543603, -0.8638198119247149, -0.8702347849254134, -0.8632299092442071, -0.8595933091766533, -0.8802777793284375, -0.8570662509662251, -0.8698500016968433, -0.8623569144854346, -0.8756745583788506, -0.8751882141649172, -0.8594189859075113, -0.8768293223487953, -0.8568885259212957, -0.8751746130227983, -0.8666833335555236, -0.8634443570052579, -0.8597905669483559, -0.870753619546955, -0.8574772193546493, -0.867034714214847, -0.8750495679988746, -0.8626749618375936, -0.8554723962644444, -0.8696882545276784, -0.8614977898114512], "mean": -0.8644441164502983, "standard_deviation": 0.006566191696454645, "confidence_interval": 0.002995765283986396, "max": -0.8524419280396336, "min": -0.8802777793284375}, "my": {"values": [0.33247555804271733, 0.33247555804271733, 0.3425011964106614, 0.34154306537318996, 0.33927907028843807, 0.3451897141997372, 0.33690495194121056, 0.3442689740154366, 0.3296558007952327, 0.33105087306471404, 0.3441039670051148, 0.34367272662073745, 0.33839755110146286, 0.34206336804193194, 0.33475419264370243, 0.34434458892408415, 0.335172124248975, 0.3253796019881191, 0.3325569041302888, 0.3329272054557817, 0.33482691114522656, 0.33378893906445284, 0.3380372116571279, 0.32533733384557956, 0.3380133666608388, 0.3492246923849194, 0.3397859667743961, 0.33963217175699656, 0.33057099977678855, 0.33371614357026225, 0.33901637695786896, 0.34446202864355335, 0.3317633998818154, 0.34182405688581075, 0.33776343839669387, 0.34036623957126383, 0.32866756344175296, 0.3478685869328661, 0.33974997344277325, 0.3317868194919078, 0.34351729292065525, 0.341676935869462, 0.33201950779973577, 0.34402786279014047, 0.3406777037799935, 0.3315779193745924, 0.3487340004069963, 0.34708054840591873, 0.33654280524315294, 0.3370099663084967, 0.35004665006709285, 0.3372134050530545], "mean": 0.33817391943531605, "standard_deviation": 0.006038649009004731, "confidence_interval": 0.0027550787274643477, "max": 0.35004665006709285, "min": 0.32533733384557956}, "mz": {"values": [0.02576563135772887, 0.02576563135772887, 0.021464477330937246, 0.028199088099256253, 0.019853083367195254, 0.017612444283543277, 0.016987446015434948, 0.02289251433359124, 0.022914122769577563, 0.028334581568401823, 0.02820876789883131, 0.020117188573237937, 0.03020570964378086, 0.027081475445072667, 0.029555731624043444, 0.031143981039690696, 0.02888552334474083, 0.03035738661134256, 0.02433160328007486, 0.028583773872981222, 0.019821762144034014, 0.031668113353020944, 0.026232487158040566, 0.02738043151458698, 0.02616680593609977, 0.026635073785995958, 0.023683609359182525, 0.01911294043134132, 0.025288420201263997, 0.030089695642629852, 0.016747058321869082, 0.02001737701022016, 0.022870504343246237, 0.025496103503314507, 0.028778079183382474, 0.0231087266392363, 0.02457106091566162, 0.022816762008914956, 0.025538022026694904, 0.024920668536708518, 0.024960954453945083, 0.020509795018654575, 0.023590699798717044, 0.030738852004333447, 0.024092944295773647, 0.0220872469101894, 0.025703974414056918, 0.02687838902903679, 0.026422337739120366, 0.026876564750523788, 0.02609067208561522, 0.015302593721003274], "mean": 0.024854978616415495, "standard_deviation": 0.003932203370765007, "confidence_interval": 0.0017940320496693048, "max": 0.031668113353020944, "min": 0.015302593721003274}}