{"duration": 0.2002723217010498, "joint_position": [1.1279285589801233, -0.9531000417521973, -0.08447677293886358, -2.4318376980223597, -1.5508821646319788, 0.026149988174438477], "fx": {"values": [-6.609569050758624, -6.609569050758624, -6.572567249690772, -6.556423548745063, -6.591661421942684, -6.7210633175822085, -6.261672358108066, -6.792066959445215, -6.473270639869725, -6.616290794498839, -6.851649767049281, -7.1424782045253234, -6.6183058198359115, -7.113415292390066, -6.635564351032248, -6.605555487602121, -6.57380040670413, -6.867714398935219, -7.095280467458137, -6.81236209895201, -6.5413234091821835, -6.89558038921122], "mean": -6.707144749285349, "standard_deviation": 0.21416713253153202, "confidence_interval": 0.15022332818855813, "max": -6.261672358108066, "min": -7.1424782045253234}, "fy": {"values": [5.608569042869794, 5.608569042869794, 5.394021884217469, 5.547270464973866, 5.82768450668073, 5.7421998179100875, 6.147381597344122, 5.976992154865716, 5.85779413272333, 5.969700520006036, 5.652809676702902, 5.870190298256703, 5.865172051678333, 5.67709632946327, 5.868466756890381, 5.758620334462346, 5.649064264878581, 5.8788943388744235, 5.715256635565783, 5.787227039553256, 5.8064057369776485, 5.802014864428593], "mean": 5.773245522372417, "standard_deviation": 0.16000288170340923, "confidence_interval": 0.11223087840384388, "max": 6.147381597344122, "min": 5.394021884217469}, "fz": {"values": [24.63513430474041, 24.63513430474041, 24.722354255315143, 24.775347092816585, 25.209025328364078, 24.781220000069354, 24.851525301163036, 24.761677589508682, 24.582105927063758, 24.8567942155441, 24.89198510931203, 24.991164628780794, 25.27216500503043, 25.025117843270692, 25.03874713738946, 25.057538264372617, 24.890510097623036, 24.956910431273556, 24.79677521416614, 24.90500350023514, 24.82788164311737, 24.76327220335753], "mean": 24.87397224532975, "standard_deviation": 0.17202302077385628, "confidence_interval": 0.12066216884093288, "max": 25.27216500503043, "min": 24.582105927063758}, "mx": {"values": [-0.8775630784072779, -0.8775630784072779, -0.8785738659026316, -0.8809036310805736, -0.8654869478388012, -0.8699242515074948, -0.8542661834923214, -0.8575646640134627, -0.86575494785848, -0.8550015635346893, -0.866864851245016, -0.8689838662552425, -0.8652251060654792, -0.8764682042647154, -0.8650322486143405, -0.8735204195544637, -0.8766911196715219, -0.861181823848193, -0.8727310853472555, -0.8706368234945997, -0.865379182679983, -0.8736863502927238], "mean": -0.8690456042443881, "standard_deviation": 0.007477866375283399, "confidence_interval": 0.005245202479792223, "max": -0.8542661834923214, "min": -0.8809036310805736}, "my": {"values": [0.3361663436225883, 0.3361663436225883, 0.33347864839120317, 0.34126775123329023, 0.3390895672934283, 0.34548949175655314, 0.3302298463365087, 0.3453304062058288, 0.3324189329281361, 0.33929339896297384, 0.33565234024395285, 0.3384269063697864, 0.340910336505894, 0.3450252172345048, 0.342562714864146, 0.3319111283837583, 0.33186083716821, 0.3407302586416539, 0.34725575046570356, 0.3406871756813063, 0.3397897282494596, 0.34240111556180713], "mean": 0.3389156472601491, "standard_deviation": 0.0047940682698987295, "confidence_interval": 0.003362705017126365, "max": 0.34725575046570356, "min": 0.3302298463365087}, "mz": {"values": [0.02320506331352573, 0.02320506331352573, 0.02176033215550971, 0.025552023013631492, 0.021684914773856964, 0.031421780232675944, 0.02497118262539269, 0.030960415709898964, 0.023264207522061472, 0.020801194041893914, 0.024026585878288723, 0.024491272834439234, 0.035866639453843774, 0.029815348160980054, 0.027831818567733757, 0.02387048349373752, 0.021730807234973976, 0.023745165082686898, 0.020621536140823016, 0.026543416845925122, 0.019972302482585774, 0.019307432845493924], "mean": 0.024756772078340202, "standard_deviation": 0.00408774660358526, "confidence_interval": 0.002867269558701504, "max": 0.035866639453843774, "min": 0.019307432845493924}}