{"duration": 0.20029973983764648, "joint_position": [1.1278923193561, -0.9531119626811524, -0.08451205888857061, -2.431849618951315, -1.5509422461139124, 0.026149988174438477], "fx": {"values": [-6.40426185657505, -6.40426185657505, -7.0191480707196385, -6.855805360595434, -6.402202437084906, -6.8835855194455835, -6.649705032288456, -7.120833828830447, -6.801891871129269, -6.756026702139053, -6.492449809105013, -6.422192216335058, -6.50544599080189, -6.289798871238849, -7.0920746407875015, -6.870016624545034, -6.634611569390847, -7.033308759487407, -6.840236558998515, -6.978087121517846, -6.628588860678242, -6.688065936316113], "mean": -6.716936340662963, "standard_deviation": 0.24651118725394258, "confidence_interval": 0.1729104300331794, "max": -6.289798871238849, "min": -7.120833828830447}, "fy": {"values": [5.820260817429259, 5.820260817429259, 5.661906571288412, 5.834591185606325, 6.072669101945839, 5.684047442669293, 5.7858458489494655, 5.432123312314493, 5.950059230104163, 5.621170949735792, 5.684950292873548, 6.037851818844013, 5.5960515172847, 5.536676682554248, 5.840083789826412, 5.519621608642102, 5.646649167043366, 5.887149419305625, 5.459681470024326, 6.103455348436018, 6.071168423612619, 5.65200834213045], "mean": 5.759921961729532, "standard_deviation": 0.19759744683881264, "confidence_interval": 0.13860084764088512, "max": 6.103455348436018, "min": 5.432123312314493}, "fz": {"values": [24.398361035848836, 24.398361035848836, 24.67257208290185, 24.478685144629992, 24.919930102786182, 24.789094364886637, 24.608120095247983, 24.78923287411244, 24.718797737965744, 24.69962628310539, 24.622765992604705, 24.753910198874145, 24.734664792726, 24.883694849596992, 24.56631099587419, 24.494013155937296, 24.705626419517174, 24.718251016258492, 24.49657107707383, 24.676439236144063, 24.798184022642477, 24.535567620334525], "mean": 24.657217278859893, "standard_deviation": 0.14263800185065742, "confidence_interval": 0.10005062453276613, "max": 24.919930102786182, "min": 24.398361035848836}, "mx": {"values": [-0.8753994550487452, -0.8753994550487452, -0.8726339570843102, -0.8613525579801689, -0.8644049819713306, -0.8676284596129449, -0.8655564663119253, -0.8745841457061567, -0.8623526139218227, -0.8655209061985051, -0.8679304339385168, -0.8576464222028894, -0.8720982926601933, -0.865762348711478, -0.8670130735208864, -0.8757720084192779, -0.8658780431887589, -0.8631453210526756, -0.8701858164569243, -0.8719718094982738, -0.8573663850854502, -0.866806500643963], "mean": -0.8675640661029064, "standard_deviation": 0.00532964475490184, "confidence_interval": 0.0037383746221011207, "max": -0.8573663850854502, "min": -0.8757720084192779}, "my": {"values": [0.34028052735562164, 0.34028052735562164, 0.3475228593669071, 0.3363810418946196, 0.3343950576391546, 0.3385765569786143, 0.3323513118614765, 0.3520680354215959, 0.3342639188858488, 0.3459572351522177, 0.3287623248832722, 0.33039414937047695, 0.3393603219680117, 0.3354697943620727, 0.34130282500979275, 0.3384400380329612, 0.33430619611520934, 0.34391831788493143, 0.34569806796715086, 0.34353759115752175, 0.3327803826357551, 0.3334574935864545], "mean": 0.33861384431296754, "standard_deviation": 0.005896269686266823, "confidence_interval": 0.004135822549885878, "max": 0.3520680354215959, "min": 0.3287623248832722}, "mz": {"values": [0.018512933897852732, 0.018512933897852732, 0.0304242947710808, 0.029255280466429348, 0.025129849045867805, 0.028549260661407255, 0.03442857174758231, 0.02674623551052921, 0.02669693268717284, 0.02748888982012014, 0.020551393360562956, 0.035782075835299784, 0.028543950279242447, 0.024459865727294222, 0.025871192485226457, 0.030978905141353444, 0.02265853927997402, 0.02319733367147557, 0.03113605477562953, 0.027209959963840707, 0.024224646165976152, 0.03157818144700292], "mean": 0.026906240029035158, "standard_deviation": 0.00450216683537201, "confidence_interval": 0.0031579564897529495, "max": 0.035782075835299784, "min": 0.018512933897852732}}