{"duration": 0.10038232803344727, "joint_position": [1.1279037634478968, -0.9531238836101075, -0.08450061479677373, -2.431873937646383, -1.5509422461139124, 0.026149988174438477], "fx": {"values": [-6.740155748290892, -6.660248278744437, -6.887663622511676, -6.607464269186527, -6.3727616639471005, -6.661100391415747, -6.381570270897389, -6.41666479778986, -6.695605680242494, -6.518056272513224, -6.461104974155257, -6.345583928508611], "mean": -6.562331658183601, "standard_deviation": 0.16472734152087323, "confidence_interval": 0.15644834182559667, "max": -6.345583928508611, "min": -6.887663622511676}, "fy": {"values": [6.211664668714501, 5.7873600530939004, 6.051383360156511, 5.747479988515533, 5.903224517569216, 5.619719660487964, 5.838965170788418, 6.292876516788913, 5.922103642663523, 5.5049331389355185, 6.0318940285676925, 5.936095916799682], "mean": 5.903975055256782, "standard_deviation": 0.21750906226164263, "confidence_interval": 0.2065773162408653, "max": 6.292876516788913, "min": 5.5049331389355185}, "fz": {"values": [24.602618497675998, 24.963383811132594, 24.80541308971506, 24.84954142904033, 24.632423472384648, 24.572956374931834, 24.943483496854945, 24.299600295646336, 24.629351830019047, 24.542845775303814, 24.809435297852673, 24.52695547137411], "mean": 24.681500736827616, "standard_deviation": 0.1871144899957544, "confidence_interval": 0.17771033892190014, "max": 24.963383811132594, "min": 24.299600295646336}, "mx": {"values": [-0.8542925411996003, -0.8701768444017463, -0.8539694264792684, -0.8617555717974436, -0.8582493750663059, -0.8679353473884058, -0.8708003218915088, -0.8513697731158925, -0.8648968492141496, -0.8690327292883202, -0.8607898473889437, -0.8679285493511109], "mean": -0.8625997647152247, "standard_deviation": 0.00658726712152417, "confidence_interval": 0.0062561989334001394, "max": -0.8513697731158925, "min": -0.8708003218915088}, "my": {"values": [0.33025247244182293, 0.33140371638917554, 0.33102889885369896, 0.3341544866084054, 0.32949764550900834, 0.3310858850254376, 0.32588292089960813, 0.3136225303994641, 0.33053207023328735, 0.3319187981467386, 0.33790704651765147, 0.3223150208511184], "mean": 0.3291334576562847, "standard_deviation": 0.005940611203367055, "confidence_interval": 0.005642043170347472, "max": 0.33790704651765147, "min": 0.3136225303994641}, "mz": {"values": [0.02251747480323714, 0.024712001522004493, 0.024160492133432424, 0.01958859929152336, 0.020301905329347517, 0.032424115863079306, 0.023364039246189003, 0.0218155177528844, 0.026550637902061608, 0.024380317075610947, 0.01798482592249666, 0.028073266671868297], "mean": 0.0238227661261446, "standard_deviation": 0.0037755392031449553, "confidence_interval": 0.0035857851063219883, "max": 0.032424115863079306, "min": 0.01798482592249666}}