{"duration": 0.5004322528839111, "joint_position": [1.1279285589801233, -0.9531000417521973, -0.08453637758363897, -2.431849618951315, -1.5509303251849573, 0.026149988174438477], "fx": {"values": [-6.571005272170364, -6.571005272170364, -7.151430273516407, -6.8431720113847, -6.843081981537882, -6.4976085149436305, -6.8288943113939204, -6.7196449722152725, -6.921591171823265, -6.448342031658402, -6.544794994317066, -6.798760972702709, -7.00525288438973, -6.829477167682507, -6.721308842218848, -6.94941712449106, -6.7455658830102045, -6.757678460208499, -6.611397202340241, -6.81969613265499, -7.042737680619725, -6.8291962728800275, -6.193332959987446, -6.643549000580987, -6.618691217337079, -7.241701847676184, -6.724209672072042, -7.099053829142183, -6.706157316741398, -6.7441232069465995, -6.839281912510271, -6.742540017758787, -6.936112260545307, -6.800402212375963, -6.636449908391766, -6.727807280558469, -6.545544649418684, -6.385487515642971, -7.195344976525964, -6.6145818144751845, -6.422218016497753, -6.400154338315944, -6.672436512090462, -6.823231733413902, -6.817250746615567, -6.836572050603433, -6.5373531697867, -6.848439339652398, -7.211606947474446, -6.700833710148014, -6.866166064897607, -6.368952949781593], "mean": -6.749050896313363, "standard_deviation": 0.2211602813793607, "confidence_interval": 0.10090236834094968, "max": -6.193332959987446, "min": -7.241701847676184}, "fy": {"values": [6.032249188630534, 6.032249188630534, 6.1579412868448715, 5.984904663080201, 5.732816396306108, 5.725024103982713, 5.763134489525451, 5.949089788629725, 5.76662330254487, 5.7972599058591, 5.857490179471929, 5.756116621017507, 5.752497240204438, 5.866908202058646, 5.774783375802908, 5.78679143533083, 5.947002791301822, 5.821105351693934, 6.052690676175811, 5.867357389272389, 5.861078661013446, 5.854762434324782, 5.924700538520635, 6.141534414005905, 6.045181084401845, 6.004559850588533, 6.1540791246899165, 6.077597384965902, 6.06625281804154, 5.654759143537595, 5.62936294464279, 5.767727496241303, 6.011992303206498, 5.986604546750846, 5.927495166641631, 5.853303765216469, 5.520529907275555, 5.8272023682428955, 5.824296126296836, 5.90391784661948, 5.898375184638449, 6.089458320391349, 5.860165604393895, 5.785904841329568, 5.904326830918767, 5.9016106805096795, 5.716175454457904, 5.8070469069884, 5.4862168576695325, 5.767293662706343, 5.737106457182246, 5.605876952756039], "mean": 5.865779447221747, "standard_deviation": 0.15219804537050816, "confidence_interval": 0.06943897493241641, "max": 6.1579412868448715, "min": 5.4862168576695325}, "fz": {"values": [24.871463208747542, 24.871463208747542, 24.603111652059333, 24.803574065567194, 24.764627460055028, 24.95378412972996, 24.928451859121104, 25.075765011753305, 24.9952093191096, 25.096748679404538, 24.538444212094852, 24.85280964991435, 24.613081431618305, 25.25424940588669, 25.197553247004716, 25.04675397374841, 25.041146108844476, 25.235939949308985, 24.94159034070638, 25.030559425012136, 24.862865353788447, 25.05875979712115, 24.955798744518994, 24.91340183896701, 24.853517659941627, 25.124669450584154, 25.07953214937129, 25.02042739227658, 24.935044709438802, 24.880520822409522, 25.109046873028127, 24.77462471139152, 24.793549432684188, 25.08995237877386, 24.93101887047665, 24.871031722974642, 25.183868023818345, 24.96568379996378, 24.93817167153432, 25.144887278184818, 25.435536125671454, 25.02887294838111, 24.649931805750917, 24.823034768103582, 25.01235737611561, 24.90540319375952, 24.987042004317146, 25.045870836718386, 25.22509484980396, 25.053609798375476, 24.787543001385053, 24.99381309305494], "mean": 24.964438631175376, "standard_deviation": 0.17187608015936803, "confidence_interval": 0.07841689945895329, "max": 25.435536125671454, "min": 24.538444212094852}, "mx": {"values": [-0.8522923979508109, -0.8522923979508109, -0.8586609577943034, -0.8614007158899122, -0.8710805709323036, -0.8702716201183511, -0.8647726261003603, -0.8651705622950361, -0.8640061093186728, -0.8640049341085967, -0.8653142954463806, -0.8581003094973126, -0.8649109472662583, -0.8663085214004925, -0.8659148940149597, -0.8684227604017345, -0.8676303274134187, -0.8705922887237849, -0.850760145841288, -0.8632004920675156, -0.8657827888227669, -0.8700324339090841, -0.8554537947729839, -0.855107166832364, -0.8601020722643552, -0.863393526261937, -0.8533513117409794, -0.8497967109500788, -0.8579131126991522, -0.8727640963705545, -0.8693529406132986, -0.8640539122760871, -0.8650570800903985, -0.8653415996426305, -0.8619461681441918, -0.8681185325476592, -0.8727669819327403, -0.8641877522608905, -0.8608979131344486, -0.8652538875761142, -0.8630500917565657, -0.8613061516940526, -0.8627762366248923, -0.8743104234355488, -0.8623523329203362, -0.866855026750524, -0.8769282536218787, -0.8570493930020593, -0.8754717906291021, -0.870042610068268, -0.8751334391251311, -0.8714166681985663], "mean": -0.8642783476000371, "standard_deviation": 0.0064476164633061155, "confidence_interval": 0.002941666411545807, "max": -0.8497967109500788, "min": -0.8769282536218787}, "my": {"values": [0.3305271455632764, 0.3305271455632764, 0.34252974292165406, 0.3433018342074661, 0.33187315476412116, 0.34162032251345037, 0.33982584544752803, 0.34389569644818757, 0.34840218653359234, 0.33981080847771367, 0.34724437176830303, 0.33960749449591043, 0.3476695543218742, 0.34730667787273406, 0.3426315372869538, 0.3357853303460592, 0.33638216122903597, 0.34237638749488314, 0.33397117655044545, 0.3437735527714585, 0.33640025324713096, 0.3396666118858986, 0.3298066227194064, 0.34092509997816756, 0.33057742564715586, 0.35540976570900035, 0.33899162326882937, 0.3560024286798428, 0.34134100267133183, 0.3397890949771478, 0.345875746227542, 0.3396112683526981, 0.3477144754265036, 0.33971640537673314, 0.3337338949980033, 0.33964827706406414, 0.33754026401049053, 0.3298097006493496, 0.3543810092413082, 0.33745337455258073, 0.3371656011427182, 0.3288163692365938, 0.34406119401404694, 0.34373317636572537, 0.34103225182623526, 0.34331607953772264, 0.3383120497740833, 0.3444909883463924, 0.35609324710644946, 0.3343520551059387, 0.3387855809989494, 0.3217969441105167], "mean": 0.34029638478512453, "standard_deviation": 0.007054412326580905, "confidence_interval": 0.003218511509237165, "max": 0.35609324710644946, "min": 0.3217969441105167}, "mz": {"values": [0.028434918893936262, 0.028434918893936262, 0.018974144111781152, 0.02356843830989358, 0.024508574395610175, 0.03254504432339898, 0.02905902057096879, 0.027242189220601024, 0.021908762293548795, 0.025506749715304367, 0.033271936387735124, 0.029017875266560855, 0.02068492326196772, 0.027916144480798377, 0.026524552602893367, 0.024776861891666113, 0.028933176728117196, 0.020567821104748044, 0.024134056315176594, 0.03392545655151455, 0.023875498585368735, 0.020329028251865403, 0.026537080979437924, 0.027849254895272665, 0.029301314604424616, 0.025260431419610166, 0.03277519815480945, 0.024958136299460337, 0.02392966144918761, 0.022847520123206802, 0.03114393615021556, 0.023463384792592246, 0.027696786613204766, 0.02765745955889505, 0.02460832105828127, 0.029805285448390215, 0.016701512447411707, 0.0213354610951903, 0.028957843061562114, 0.02520641504810335, 0.027892658100086468, 0.02678350772151772, 0.02417370069815665, 0.02916657461372532, 0.021732364484649033, 0.023479088690351285, 0.028211718653153944, 0.02932419833655317, 0.016513030204066095, 0.02795604307686926, 0.026471511199701495, 0.023317897702952728], "mean": 0.025946103631508285, "standard_deviation": 0.003885138568679851, "confidence_interval": 0.0017725591614713362, "max": 0.03392545655151455, "min": 0.016513030204066095}}