{"duration": 0.10034370422363281, "joint_position": [1.12791616121401, -0.9531000417521973, -0.08450061479677373, -2.431873937646383, -1.5508702437030237, 0.026102304458618164], "fx": {"values": [-6.762101024760698, -6.762101024760698, -6.826038744763975, -6.877904139430911, -6.390249724830343, -6.580468800696656, -6.290292863431979, -7.157064062016181, -6.604690352802223, -6.777961734256089, -6.376896959979991, -5.91469704012953], "mean": -6.610038872654939, "standard_deviation": 0.3137662849143458, "confidence_interval": 0.29799676570028893, "max": -5.91469704012953, "min": -7.157064062016181}, "fy": {"values": [5.811649228213668, 5.811649228213668, 5.961928799907067, 5.912978779861125, 5.558771278007278, 5.870224835882464, 5.854361906650341, 5.860172933925956, 5.871618784792649, 5.843124961318036, 6.147321245025234, 5.871136769175065], "mean": 5.864578229247712, "standard_deviation": 0.1263568690324617, "confidence_interval": 0.12000632351550335, "max": 6.147321245025234, "min": 5.558771278007278}, "fz": {"values": [24.67771101049562, 24.67771101049562, 24.525930702750724, 25.00013743356374, 24.37799166499167, 24.55787117053071, 24.83724262543634, 24.421815193001642, 24.412169382370653, 24.51365330613268, 24.283406814542722, 24.57758497206661], "mean": 24.57193544053156, "standard_deviation": 0.1938188573839116, "confidence_interval": 0.18407775280221153, "max": 25.00013743356374, "min": 24.283406814542722}, "mx": {"values": [-0.8714485737341128, -0.8714485737341128, -0.8630335305276898, -0.8570161734625437, -0.8750598895700441, -0.864090478917905, -0.8574807494054921, -0.8707330930713759, -0.8736138160866591, -0.8624905484496654, -0.8597040809009147, -0.8589685991838845], "mean": -0.8654240089203666, "standard_deviation": 0.006357247268505024, "confidence_interval": 0.00603773960382216, "max": -0.8570161734625437, "min": -0.8750598895700441}, "my": {"values": [0.34635148345787, 0.34635148345787, 0.34066045624682934, 0.34613670267547164, 0.33285194843012156, 0.33621222194544303, 0.3217781231252316, 0.3458527249412799, 0.3425238950263463, 0.33861441032935663, 0.3333663799003366, 0.3168425565677578], "mean": 0.33729519884199277, "standard_deviation": 0.009359850922322952, "confidence_interval": 0.008889435979555684, "max": 0.34635148345787, "min": 0.3168425565677578}, "mz": {"values": [0.031443305861046475, 0.031443305861046475, 0.019893137313260617, 0.02514159743356037, 0.02408133765555974, 0.027085626840743934, 0.02525560870441279, 0.01862574428508937, 0.01970403080304048, 0.0352757501083263, 0.029485424709264185, 0.03170879831731087], "mean": 0.026595305657721804, "standard_deviation": 0.005190119352619237, "confidence_interval": 0.004929270144818849, "max": 0.0352757501083263, "min": 0.01862574428508937}}