{"duration": 1.0003199577331543, "joint_position": [1.1278799215899866, -0.9531119626811524, -0.08448869386781865, -2.431873937646383, -1.5509303251849573, 0.02612614631652832], "fx": {"values": [-7.468487331426395, -7.468487331426395, -6.717282618436183, -6.902437921440544, -6.985485011644311, -7.042054896606146, -6.667853784193511, -6.508715064106928, -6.883387528140311, -6.566611086909324, -6.94084726142873, -6.867414372384236, -6.856007998244182, -6.746022822195981, -6.854187764583668, -6.840101921204564, -7.370996813679547, -6.858266532844902, -6.92838938039238, -6.968555585166511, -7.10438742277579, -6.497510290803948, -6.656608763213523, -7.236331823181081, -7.064674080413506, -6.962282607229893, -6.487455735699983, -6.984482551249524, -7.103327294066369, -6.762740084933074, -6.973954806898128, -6.665758553247434, -6.889196437428533, -6.879196174799114, -6.865136515520658, -6.92300266479918, -6.718820420670989, -7.060992337659431, -6.939333371989333, -6.597562262612488, -6.500897880407456, -6.648773811301659, -7.526548924543969, -7.131650876837898, -6.814035169462974, -6.639025045693151, -6.626682088018096, -7.512927621945061, -7.119680633515173, -6.762501698853432, -6.401140745041518, -7.26310169261405, -7.135289707795202, -6.47972067815382, -7.304235473478321, -6.67815741808038, -6.987114678068255, -6.9910425527088496, -7.210146812950287, -6.993899163777326, -7.2084629048172, -6.924676639876232, -6.922258693970869, -6.44092878609607, -6.6271920196997485, -6.766196197647978, -7.260506363774053, -6.671973068219788, -6.560713759235677, -6.894073554728875, -6.6948034875808, -6.971142668043279, -6.935513195360413, -6.562170396449097, -6.967474326372619, -6.637455770793353, -6.396118917602584, -6.713678491370964, -6.629771017021781, -6.838011487430553, -7.055255823160826, -6.378597692648394, -7.0357324304356625, -6.7455469532637355, -6.624439487352307, -6.956325733597689, -6.909812480285236, -6.293088848581027, -6.8994104465116495, -6.769662257483098, -6.646517471741976, -6.935049455767253, -7.0835024705033005, -7.150622684555778, -7.072481372722771, -7.600939694287806, -6.95767294989604, -6.750522481651141, -6.7124702188959935, -6.618903788502519, -7.26655343967356, -7.003958405799227], "mean": -6.878736355218657, "standard_deviation": 0.2689554160934834, "confidence_interval": 0.08761452411261123, "max": -6.293088848581027, "min": -7.600939694287806}, "fy": {"values": [5.809754765521513, 5.809754765521513, 5.634911177433313, 5.558989000508063, 5.715594854550728, 5.758640206838718, 5.457801746715136, 5.908752633439619, 5.8362813341533615, 5.489103062446194, 5.63892460136699, 5.973338428080304, 5.8100541809244675, 5.519630810583582, 5.856863524130592, 6.111132354780359, 5.85047433682142, 5.884603101800829, 5.606104696035287, 5.8736547412787115, 6.0474646950546544, 5.618959622537522, 5.648592662979718, 5.90479949219437, 5.781035056012081, 5.616577109330347, 5.525121490059766, 5.666468519741676, 5.7120629726058585, 5.608907287805108, 5.659901723431426, 5.841592024443811, 5.645112579400716, 5.638956690775435, 5.716332399493298, 5.890482969509587, 5.731137544368603, 6.152058646458972, 6.167136301165777, 5.419696293691513, 5.877303219444399, 5.78459943822211, 5.791090060894774, 5.5839126130634975, 5.721739821521656, 5.547175851876583, 5.581203838164118, 5.954674653293998, 5.278679311942813, 5.854201504516923, 5.958753219033413, 5.668024302087493, 5.899842288951432, 5.912762127317709, 5.816385699667563, 5.822183544066744, 5.69879110110277, 5.743285150042757, 5.827689610019193, 5.635938779763611, 5.81067599751586, 5.851631779004225, 5.72680091324518, 5.49035264462796, 5.6529449964527565, 5.940255216704101, 5.660698399972067, 5.616695719358251, 5.488458747966309, 5.937912087177752, 5.8338450223646, 5.713848457154761, 5.904425440733661, 5.707819777118424, 5.799347018809208, 5.913484354781787, 5.698284207152229, 5.903719444912694, 6.138660338314159, 5.586066386505692, 5.513632430117973, 5.717239205114553, 5.526058464966075, 5.900495353302137, 5.450777854075039, 5.73923785501392, 5.746853378697951, 5.80275801953818, 5.664809102569372, 5.580547563170658, 5.658141488805786, 5.6880228355497655, 5.646239338018459, 5.81217039776185, 5.626242339057279, 5.427691804682767, 5.651815345427403, 5.5934353006514925, 6.04770322316953, 5.604056108201789, 5.7244587756128045, 5.591726514065112], "mean": 5.736716041043394, "standard_deviation": 0.16906798268698384, "confidence_interval": 0.05507533947801465, "max": 6.167136301165777, "min": 5.278679311942813}, "fz": {"values": [25.735831819906956, 25.735831819906956, 26.03493937497784, 25.894340936073007, 25.835324456420196, 25.617070438625497, 25.753878968329943, 25.845029644963915, 25.891560433128248, 25.779526843125634, 25.46787255253995, 25.711163484469736, 25.666302622978534, 25.610926177509526, 25.597337129047375, 25.586188099261577, 25.51094036588128, 25.715340990936138, 25.718707891744096, 25.65278606264676, 25.55547930273989, 25.72190641709235, 25.925407847367886, 25.71577275310635, 25.889901571555153, 25.54408092691525, 25.566112082873115, 25.65416667619658, 25.64900258472221, 25.578432446094393, 25.89138913618597, 25.917940462229687, 25.61083606139701, 26.007039367659747, 26.043281937206753, 25.680674295958326, 25.707768652553632, 25.63931967598611, 25.644646772716897, 25.696111713316537, 25.710271469695897, 25.381463177265324, 25.440964385272235, 25.88686356623238, 25.008941766503582, 25.500371120269893, 25.541415487734028, 25.970370326314672, 25.671994954654842, 25.742660968703976, 25.734744273425314, 25.740632348541517, 25.60792879762151, 25.610478660255808, 25.62202858466083, 25.675972069898208, 25.677904203025058, 25.795622069784276, 25.490991617476976, 25.659366023811014, 25.562689773868982, 25.970209516012613, 25.628099231846853, 25.8542831651044, 26.043204595543187, 25.78515818423012, 25.848390121908807, 25.727005269549974, 25.83344752628168, 25.47076773079998, 25.588467049838407, 25.838884215264713, 25.62347019022, 25.850114960814068, 25.704078410296642, 25.396020668089427, 25.790273793630167, 26.09419507645621, 25.751452198107152, 25.876328884364575, 25.669902250930694, 25.82285721043432, 25.991228078441047, 26.153541374257514, 26.199211413746298, 26.18957319897565, 25.91820377657078, 25.676409579152377, 25.744917270338657, 25.67355975950427, 26.074866011278388, 25.885727677622164, 25.807325257425408, 25.864821704501615, 26.004762036232393, 25.914403867925074, 25.90854918875385, 25.956789101312634, 25.723514993474325, 25.825311046508027, 25.832460137739492, 25.877967272507668], "mean": 25.749250974876038, "standard_deviation": 0.18706601816438964, "confidence_interval": 0.06093835326750721, "max": 26.199211413746298, "min": 25.008941766503582},