{"duration": 0.10032844543457031, "joint_position": [1.1279037634478968, -0.9531238836101075, -0.08450061479677373, -2.43186153988027, -1.5509184042560022, 0.026102304458618164], "fx": {"values": [-6.6680835809222785, -6.6680835809222785, -6.4417631880963615, -6.573021559980643, -6.556974558830502, -5.9055208924454945, -6.501124633195697, -6.615610241008684, -6.388929059634297, -6.871959350573301, -6.705460143942771, -6.756684669400389], "mean": -6.55443462157939, "standard_deviation": 0.23425061781163065, "confidence_interval": 0.2224774611785219, "max": -5.9055208924454945, "min": -6.871959350573301}, "fy": {"values": [5.855067191468584, 5.855067191468584, 5.872149264862177, 5.972248624466802, 5.8451386487112735, 5.859950040095002, 6.027707870408693, 5.595643256761457, 5.668202467204443, 5.654224940119095, 6.153593129882375, 5.87485822640915], "mean": 5.852820904321469, "standard_deviation": 0.1516454725026688, "confidence_interval": 0.14402395193997228, "max": 6.153593129882375, "min": 5.595643256761457}, "fz": {"values": [24.87301190375266, 24.87301190375266, 24.65417729475007, 25.16082587490338, 24.834857760077433, 25.158814022501772, 24.829177552514523, 24.898629601057227, 24.760938211652732, 24.891819065500613, 25.00784378200826, 24.679066101210687], "mean": 24.8851810894735, "standard_deviation": 0.1536699756919024, "confidence_interval": 0.14594670601377674, "max": 25.16082587490338, "min": 24.65417729475007}, "mx": {"values": [-0.8763243090029862, -0.8763243090029862, -0.8751874132394355, -0.8564516222224505, -0.8594347864136702, -0.8593427812803038, -0.8555137113247305, -0.8686622582477971, -0.8712721222898948, -0.8724276381680122, -0.8550301646518508, -0.8694957392736995], "mean": -0.8662889045931514, "standard_deviation": 0.008133771925305438, "confidence_interval": 0.0077249782504404795, "max": -0.8550301646518508, "min": -0.8763243090029862}, "my": {"values": [0.3306246887086186, 0.3306246887086186, 0.32540219694471134, 0.3440101885286773, 0.3379521506093095, 0.32859523070413527, 0.33534406955713264, 0.338152531001091, 0.3237882152377105, 0.3385235840374406, 0.33918123541664963, 0.3296146854713821], "mean": 0.3334844554104564, "standard_deviation": 0.005975106111340496, "confidence_interval": 0.005674804405392277, "max": 0.3440101885286773, "min": 0.3237882152377105}, "mz": {"values": [0.026895681566145344, 0.026895681566145344, 0.03524813792961411, 0.02525638740240739, 0.02380716351854001, 0.02867871112943017, 0.03128107781117245, 0.02584763819157876, 0.02049677420654876, 0.020719387546193582, 0.029014690501753607, 0.022095467360599835], "mean": 0.026353066560844112, "standard_deviation": 0.004169240057971003, "confidence_interval": 0.003959699025797526, "max": 0.03524813792961411, "min": 0.02049677420654876}}