{"duration": 0.20033001899719238, "joint_position": [1.12791616121401, -0.9531358045390625, -0.08450061479677373, -2.4318376980223597, -1.5509064833270472, 0.0261383056640625], "fx": {"values": [-6.633840502796515, -6.633840502796515, -6.83659064001967, -6.633023935267552, -7.177950129104795, -6.374151439735757, -6.779343067488309, -7.2691745874435565, -7.10091790212536, -6.8929587775833685, -6.935716657628224, -6.700477700099003, -6.4755493651786304, -6.889981807570287, -6.434391372365274, -7.10688080359173, -7.275798369976002, -6.532517363519846, -6.881848532761802, -6.5987270704502485, -6.940907240330151, -6.656793228026002], "mean": -6.807335499811756, "standard_deviation": 0.2595651901424208, "confidence_interval": 0.1820669039370429, "max": -6.374151439735757, "min": -7.275798369976002}, "fy": {"values": [5.645877308540699, 5.645877308540699, 5.708875529979105, 5.504106087694495, 5.576074830915104, 5.792402919181494, 5.935914009708927, 6.291165888172792, 5.707750405067878, 5.999443715270669, 5.860917672959479, 5.916665950773746, 5.490848271789606, 5.755566910998487, 5.9233680007892895, 5.409242358689883, 5.761304105414602, 5.703848695393838, 5.8871701443477, 5.562656154345074, 6.050758132953959, 5.405322188819172], "mean": 5.751598026833941, "standard_deviation": 0.21596865116044175, "confidence_interval": 0.15148696804323408, "max": 6.291165888172792, "min": 5.405322188819172}, "fz": {"values": [24.568121538993253, 24.568121538993253, 24.465694239243003, 24.670859871848, 24.671274955119145, 24.646729500305895, 24.715314074439966, 24.629740473534635, 24.48077780090562, 24.787406826375, 24.88949864498384, 24.503632316796676, 24.83492008787536, 24.60605074488268, 24.453911638695757, 24.684869364723856, 24.86004082106135, 24.645765220839785, 24.92951086629877, 24.59160738399064, 24.967418374609693, 24.927371513867307], "mean": 24.68630171810834, "standard_deviation": 0.15512656857834467, "confidence_interval": 0.10881048434861278, "max": 24.967418374609693, "min": 24.453911638695757}, "mx": {"values": [-0.8681703618587304, -0.8681703618587304, -0.8732343280747106, -0.8783765621530468, -0.867675781728648, -0.8726601241705587, -0.866908539705745, -0.854878047870179, -0.8702655282552003, -0.8613036955004474, -0.8619461223482836, -0.868258105074966, -0.863427019548767, -0.8677840813668539, -0.8484367101389823, -0.8798168350820408, -0.8755320114507117, -0.8749681480895397, -0.8597801491084891, -0.8718423780321951, -0.8550867098958017, -0.8731052668630077], "mean": -0.8673466758261653, "standard_deviation": 0.0077792804734412024, "confidence_interval": 0.005456623478210604, "max": -0.8484367101389823, "min": -0.8798168350820408}, "my": {"values": [0.34288923386515224, 0.34288923386515224, 0.3447610329415729, 0.33680077482749154, 0.3504809913293988, 0.32785473279018, 0.33878553713055315, 0.34442793727829785, 0.34570816503225027, 0.3411339363101674, 0.33869179928330184, 0.3339554300657534, 0.3425165652518116, 0.33526541016730177, 0.343091589065735, 0.3414815748584058, 0.34568294246590847, 0.3304319311627021, 0.34449063548119274, 0.34248133542315845, 0.34071776271352433, 0.3390032258271585], "mean": 0.3406155353243714, "standard_deviation": 0.005152217422764769, "confidence_interval": 0.003613921705212376, "max": 0.3504809913293988, "min": 0.32785473279018}, "mz": {"values": [0.02120616744036853, 0.02120616744036853, 0.025936940891369747, 0.023546846792726506, 0.021976479425347986, 0.031216067704178688, 0.021870652904169882, 0.02764789441812382, 0.021515103132855942, 0.029521023683742, 0.024671681640768148, 0.03277248605718344, 0.02329216968922737, 0.026601163406041434, 0.025707101234047514, 0.021240586627812086, 0.028678474024786127, 0.025965144602367235, 0.02330842200467491, 0.02765938717055845, 0.024303841854247887, 0.0257853398821338], "mean": 0.025255870092140906, "standard_deviation": 0.0032588046935732025, "confidence_interval": 0.0022858245389870183, "max": 0.03277248605718344, "min": 0.02120616744036853}}