{"duration": 1.0003256797790527, "joint_position": [1.12791616121401, -0.9531000417521973, -0.08448869386781865, -2.431849618951315, -1.5509184042560022, 0.026114225387573242], "fx": {"values": [-6.785741658104337, -6.785741658104337, -6.520034501660102, -5.83387932040714, -6.613256681480689, -7.103275463305966, -7.005337583706187, -6.576791824358285, -6.867993152342059, -7.1224885652921754, -7.060133310106764, -6.566870251026661, -6.662770708065031, -6.7703760704295695, -6.850898771942297, -6.5768589027784685, -6.5314169362188235, -6.991096897175948, -6.386968881796411, -6.920008259505232, -7.221820237017476, -6.836930224736836, -6.991544054510001, -6.623187479775407, -6.8896954056671325, -6.978089773353709, -6.413874286523752, -7.106630062047939, -6.980278046787761, -6.723615984541608, -6.4011207275147175, -6.819430367398144, -6.249204513011417, -6.760098271524644, -7.0237480121924705, -6.18797113083054, -6.719469153504394, -6.726715052867011, -7.049603201920718, -6.4218928190437445, -6.5208404717756, -6.917534944805663, -6.849718273795492, -6.722780727774004, -6.603582132033389, -6.735864402731481, -6.490800638479475, -7.1002900222723975, -6.854630211457652, -6.31436489629612, -7.108770309509302, -6.826458452897381, -6.4028540323202074, -6.068179557535515, -6.368196440163242, -6.823533327475899, -7.02415151504994, -6.439716725998439, -6.634459320562613, -7.170807128526229, -6.764382968549243, -6.738176327378738, -6.830256501323257, -6.466896190701746, -6.8814593933701955, -5.8418647019949, -7.307649846247605, -6.554220616118656, -7.001606109735112, -6.404814897943034, -6.787055580079689, -6.876722805802552, -6.387410200782353, -6.7425922745486755, -7.094181709944479, -6.394277134266886, -6.583073067335102, -7.098737765507104, -7.007297331295203, -7.004261523094139, -6.853278692559776, -6.7877886297989765, -6.37024624191258, -6.848043357486452, -6.804308372303462, -6.655700771170131, -6.500777485253779, -6.519113848186046, -7.167582029834222, -7.158717075392528, -7.2419469735717765, -6.684843503676498, -6.145732443501456, -6.77239134560771, -6.836827659191958, -6.38448323282323, -7.056527840845082, -6.708691862471762, -6.785250327159048, -6.710865191410932, -7.0009703875159595, -7.145887740827202], "mean": -6.740601016593676, "standard_deviation": 0.2959868157118324, "confidence_interval": 0.09642023343075441, "max": -5.83387932040714, "min": -7.307649846247605}, "fy": {"values": [5.59728417873271, 5.59728417873271, 5.60163882836172, 5.915693694897073, 5.698409411026526, 5.732408887810131, 5.800102827531881, 5.542383866521101, 5.692728314592232, 6.0338415539313, 5.934818352532078, 5.850526651988224, 5.619824185498434, 5.807646164502346, 5.497002555847414, 5.611286516110706, 5.807765648740009, 5.711331168491693, 5.735085154430824, 5.662376562294026, 5.682062708174893, 5.597972339741244, 5.512180409006515, 5.4236192986281875, 5.7031281145773205, 6.106332880955098, 5.47427619675874, 5.547544754245807, 5.657221808166096, 5.834314514565733, 5.64466576901178, 5.650725603214171, 5.937378031962594, 5.676411158154127, 5.908751302693286, 5.603590532697868, 5.5879103223975, 5.739439446193511, 5.83751177394711, 5.901335631766107, 5.674252998289274, 5.825265525491097, 5.89233129149422, 5.710883530413337, 6.056012005428649, 5.491401937414929, 5.386213900834641, 5.6325972055997635, 5.6962972153409615, 5.560259712679805, 5.8002891291499505, 5.758007042368219, 5.6891237079891965, 5.748264466024019, 5.777199977257717, 5.4716162031821725, 5.525191699771481, 5.905084845681468, 5.7460594429926495, 5.478856273778758, 5.71815166196191, 5.474513184088676, 5.706209283640421, 5.539910772671705, 5.79103460049067, 5.862587639741603, 5.553804585308222, 5.4914624430953065, 5.903221424247698, 5.5024407858850095, 5.548751896082612, 5.323084197928556, 5.91629368646919, 5.755983477215854, 5.340592449422858, 5.527682113445529, 5.538993581314465, 5.998031027594425, 5.754592995921761, 5.573573149743545, 5.4111889956998205, 5.751056301916636, 5.858202109168575, 5.884034037080861, 5.582368952482502, 5.722070328969565, 5.776396746651656, 6.1657454098974664, 5.724303617204618, 5.847071247665175, 5.633362729222005, 5.962708748774884, 6.1704024809247375, 5.613703908842, 5.810984243528796, 5.924850909891221, 5.731046190119884, 5.97489361592678, 5.72998485946521, 5.773280370448603, 5.5390486276412165, 5.47189229822781], "mean": 5.707652265653266, "standard_deviation": 0.17674984245792394, "confidence_interval": 0.0575777709140739, "max": 6.1704024809247375, "min": 5.323084197928556}, "fz": {"values": [25.611490081209148, 25.611490081209148, 25.900811342221548, 25.88259841587717, 25.810607185087314, 26.164110933829612, 25.940828404467215, 25.805539607611344, 26.143375556841555, 25.692155670446084, 25.684011973334158, 25.896127958041816, 25.62737087329009, 25.38664726792384, 25.547032035204538, 25.525096397722237, 25.341018260648866, 25.282097414936665, 25.900821618443086, 25.83311082434411, 25.54185848536743, 25.78615148134794, 25.836603085942613, 25.946421172289718, 25.522858040227867, 25.890961622818114, 25.897530724435647, 26.010493641644043, 25.602953276444538, 25.74225424567716, 25.751499662214428, 25.830182932036887, 25.82868618444852, 25.810552002487814, 25.68317893461854, 25.651281758447034, 25.73134709301295, 26.005606690767095, 25.87164341674773, 25.841927724209263, 26.198059388581477, 25.876878807263907, 26.207164212997128, 25.42044568414853, 25.698889326460684, 25.75884403195073, 25.45686714873129, 25.617958797726715, 25.396320581821556, 25.661516868825835, 25.783757439760002, 25.7148245419232, 26.074937032552196, 26.191219055188867, 26.03685598242813, 25.738351490756777, 25.459522355518814, 25.753992727420474, 25.66875111305106, 25.890387950881017, 25.816291419751167, 25.83351607346826, 26.050033827021778, 25.80250513294998, 25.63718074360683, 26.019828675171482, 25.684401693868338, 25.616487250081178, 26.055274963227685, 26.061316381609863, 25.93312275775878, 26.012762590163, 25.900610012312114, 25.7766387049268, 25.565448039399918, 25.965568502376435, 25.82281219869877, 25.92952955855782, 25.907445128466414, 25.83708576943218, 25.801901371312887, 25.84774550589598, 25.95238047510953, 25.564396602526024, 25.67300304756766, 26.042839188605956, 25.883374987754472, 25.92192918259576, 25.536929407795657, 25.637502069367116, 25.865700535675963, 25.5641959166797, 25.66251598690623, 25.65708790551009, 25.60323950350397, 25.97048105881584, 26.257347858908236, 26.18049844133023, 26.10519602164738, 25.44069205579451, 25.96408532363541, 25.608778034992085], "mean": 25.793583907065134, "standard_deviation": 0.20835383902547916, "confidence_interval": 0.06787304274589495, "max": 26.257347858908236, "min": 25.282097414936665},