{"duration": 0.20042848587036133, "joint_position": [1.1278923193561, -0.9531119626811524, -0.0844648520099085, -2.4318257770934046, -1.5509064833270472, 0.0261383056640625], "fx": {"values": [-6.792435364762023, -6.792435364762023, -6.531034434056828, -6.51551712560573, -6.687148001644992, -6.421925672893568, -6.821096721291402, -6.654187551345158, -6.517416665539749, -6.734850717521384, -6.326975120497222, -7.088557557072249, -6.680939562883919, -6.41804216033894, -6.219923917333479, -7.130123238670727, -6.651329386268335, -5.994342587371929, -6.675043909931225, -6.563821642499558, -6.228539074062321, -6.87784554550057], "mean": -6.605615060084242, "standard_deviation": 0.267254524191124, "confidence_interval": 0.18746043626245573, "max": -5.994342587371929, "min": -7.130123238670727}, "fy": {"values": [5.650989860858788, 5.650989860858788, 5.842213894986356, 5.901026996617751, 6.263299071081974, 5.770011791111042, 5.909062152047208, 5.760793246932733, 5.741288560897881, 6.0383403929064325, 5.730446786327022, 5.708236570097283, 6.179410801606608, 5.721691282197538, 6.274755734730778, 5.844276730298553, 6.005544625209687, 5.955462791044344, 6.180074443464861, 5.736873325329542, 6.102192358172858, 5.9026752213792815], "mean": 5.903166204461695, "standard_deviation": 0.19293104789703294, "confidence_interval": 0.13532769376613496, "max": 6.274755734730778, "min": 5.650989860858788}, "fz": {"values": [24.505154574937844, 24.505154574937844, 24.84250751283956, 24.827894838364834, 24.834372136478322, 25.03244519996426, 24.77737726636215, 24.9471868908957, 25.398119170729096, 24.652923242819586, 24.814649417090735, 24.93086516547736, 24.727183449684915, 24.822116123983967, 25.20711933807176, 24.530684945776663, 24.75315625333012, 24.65629258022915, 24.89674824567286, 24.532836552671434, 24.835760482320516, 24.88184290749398], "mean": 24.81419958500603, "standard_deviation": 0.21338730525508207, "confidence_interval": 0.14967633366378771, "max": 25.398119170729096, "min": 24.505154574937844}, "mx": {"values": [-0.8655370192396237, -0.8655370192396237, -0.8597302089238892, -0.8633972240088148, -0.8533508835983936, -0.8743090592983511, -0.8679588122664814, -0.8691013140848303, -0.864057009903901, -0.8717053223376842, -0.8700415222528519, -0.8673473387418574, -0.8544331360005734, -0.8681705537716355, -0.8498297025916185, -0.8554623460945403, -0.8619437709681652, -0.8566543989209681, -0.8525627682314105, -0.865799508199504, -0.8530587297439671, -0.8549131312998024], "mean": -0.8620409445326587, "standard_deviation": 0.007020961217377602, "confidence_interval": 0.004924715331854051, "max": -0.8498297025916185, "min": -0.8743090592983511}, "my": {"values": [0.336389881036241, 0.336389881036241, 0.33813292356116703, 0.33069784619504694, 0.33379301847814563, 0.3289608095437183, 0.33774011165751294, 0.34068965156838127, 0.3466707957283411, 0.3362219648750858, 0.32357012846570965, 0.34192556972804794, 0.3359657414483224, 0.3328712910480023, 0.3313052757701245, 0.35731649218974243, 0.33326145040474286, 0.32877791551746327, 0.34818762388845376, 0.3402263228962721, 0.3201317162745701, 0.34499166524237845], "mean": 0.33655536711607775, "standard_deviation": 0.00812987083997525, "confidence_interval": 0.005702538204102715, "max": 0.35731649218974243, "min": 0.3201317162745701}, "mz": {"values": [0.029211571379278156, 0.029211571379278156, 0.023292270646549998, 0.030468291339957154, 0.0328611192138054, 0.020279802876075267, 0.023994213455750965, 0.028550884536741844, 0.029149136479986473, 0.019647876014858304, 0.02414283884633109, 0.0216112608648016, 0.02609566300310423, 0.02905670802442746, 0.02910112448574796, 0.026872552997645363, 0.02208029433711578, 0.023223447307828146, 0.02298009868599149, 0.028839356222760792, 0.029630237535343162, 0.018357987870615475], "mean": 0.0258481048865452, "standard_deviation": 0.00394441860342175, "confidence_interval": 0.002766734948405955, "max": 0.0328611192138054, "min": 0.018357987870615475}}