{"duration": 0.20032882690429688, "joint_position": [1.1279285589801233, -0.9531000417521973, -0.08444053331484014, -2.431849618951315, -1.5509184042560022, 0.02612614631652832], "fx": {"values": [-6.4871229315902115, -6.4871229315902115, -6.273087837096434, -6.14591381389259, -6.879950321380631, -6.277293699636532, -6.843667710467749, -6.260738200321385, -6.242643292345774, -6.044461232097287, -6.56000001034605, -6.369360485010218, -6.70524011847688, -6.833420662599908, -6.510943032676021, -6.719891793400672, -6.56887284859107, -6.446671307249237, -6.483244945290315, -6.633518019229261, -6.345529495863486, -6.086586192706301], "mean": -6.463876403720828, "standard_deviation": 0.236878447654067, "confidence_interval": 0.16615373405858125, "max": -6.044461232097287, "min": -6.879950321380631}, "fy": {"values": [6.036497151083461, 6.036497151083461, 5.998453509583565, 5.665574173399936, 5.920422932851267, 5.956909281117598, 5.8708610312481735, 5.74813785417917, 5.760727560553126, 5.752984322963504, 5.9932007605596205, 5.857025209585603, 5.9615324472543545, 5.720940343729889, 6.349100823868449, 5.720185428531597, 5.804725351695543, 5.782370720700053, 5.936519307814986, 5.554297044109225, 6.000955563799229, 5.728918628459745], "mean": 5.870765299916889, "standard_deviation": 0.16723850689981376, "confidence_interval": 0.11730616556710104, "max": 6.349100823868449, "min": 5.554297044109225}, "fz": {"values": [24.30367768236769, 24.30367768236769, 24.401665916251673, 24.67640171689233, 24.576587733154845, 24.480184909040055, 24.636444466754643, 24.593746622137772, 24.60723894384757, 24.8277807609189, 24.608831649188545, 24.413726052877855, 24.327735317007907, 24.4888743648635, 24.425735809294537, 24.852674749136895, 24.509141993015714, 24.090533452309348, 24.502665212475627, 24.324493784002435, 24.44593698239631, 24.31040347334245], "mean": 24.486734512438375, "standard_deviation": 0.17619869991002035, "confidence_interval": 0.12359111694733634, "max": 24.852674749136895, "min": 24.090533452309348}, "mx": {"values": [-0.8545338952136201, -0.8545338952136201, -0.8603067985483697, -0.8721178590240365, -0.862956573854353, -0.8583235746204187, -0.8641356284124131, -0.8650523740690195, -0.8681935362344574, -0.8715436327807204, -0.8627048608114566, -0.8646760715421655, -0.8609211006590063, -0.8720443721567273, -0.849208706727216, -0.870310621486869, -0.8705270033808512, -0.8659397509437019, -0.8629900482885766, -0.8780927890331154, -0.8654633825538263, -0.8588938279667111], "mean": -0.8642486501600569, "standard_deviation": 0.0066587602157926725, "confidence_interval": 0.004670656554075409, "max": -0.849208706727216, "min": -0.8780927890331154}, "my": {"values": [0.3290216081079259, 0.3290216081079259, 0.32063347050306545, 0.3218886819812954, 0.3302976894427289, 0.33055062424788373, 0.3390464576254034, 0.32419095552085436, 0.3249225428247154, 0.31179828459060865, 0.3316770695051392, 0.3290649713880775, 0.33618198905308044, 0.33489762315148336, 0.3412122470755432, 0.33230833072424243, 0.331711698873568, 0.32905973662625987, 0.33783376473202986, 0.3330786673149834, 0.3176929352484732, 0.32471391447020054], "mean": 0.3291274941416131, "standard_deviation": 0.0069503114352285796, "confidence_interval": 0.004875159429952715, "max": 0.3412122470755432, "min": 0.31179828459060865}, "mz": {"values": [0.025817058045106853, 0.025817058045106853, 0.024929804083968138, 0.028272430989148403, 0.022287672918708076, 0.024832823357484463, 0.03403809009097364, 0.02286354407902988, 0.026341456310149045, 0.026715650697667667, 0.02413694537330044, 0.030408917553643514, 0.03013150832526819, 0.027393699058336426, 0.02797278357843433, 0.0249938486957145, 0.02405084542675749, 0.02673649815295638, 0.025110906135068833, 0.028001980527847248, 0.028216855414086972, 0.02682001017569742], "mean": 0.02663138122883885, "standard_deviation": 0.002605755427115295, "confidence_interval": 0.0018277559590009667, "max": 0.03403809009097364, "min": 0.022287672918708076}}