{"duration": 0.10034513473510742, "joint_position": [1.1279037634478968, -0.9531358045390625, -0.08450061479677373, -2.431849618951315, -1.5509303251849573, 0.0261383056640625], "fx": {"values": [-6.3718773087648355, -6.764334826969651, -6.539277667677223, -6.213331438353811, -6.447801231572415, -6.966551750028627, -6.7710311695254095, -6.921114758255845, -6.55010399355092, -6.736280148145792, -6.448044307265443, -6.755150722382091], "mean": -6.623741610207671, "standard_deviation": 0.2205290751964323, "confidence_interval": 0.20944554692787504, "max": -6.213331438353811, "min": -6.966551750028627}, "fy": {"values": [5.816879715426434, 6.070264347834822, 5.691071858792471, 5.972087922119554, 5.997394582766979, 5.7535709366507755, 6.0393676575368636, 5.658121865744676, 5.9669876184929365, 5.795002251410985, 5.613676668303076, 5.636516272374019], "mean": 5.834245141454467, "standard_deviation": 0.16037307906583997, "confidence_interval": 0.1523129194077154, "max": 6.070264347834822, "min": 5.613676668303076}, "fz": {"values": [24.907843275298923, 24.527271709735462, 24.395225822566573, 24.598620192255417, 24.700398181267524, 24.513563379555954, 24.74090857282888, 24.728661103456275, 24.79131056262197, 24.658361604331972, 24.633137163824767, 24.91303555557851], "mean": 24.67569476027685, "standard_deviation": 0.14896588582417764, "confidence_interval": 0.14147903809168574, "max": 24.91303555557851, "min": 24.395225822566573}, "mx": {"values": [-0.8526163400052647, -0.8542204762529806, -0.8763664632551387, -0.8536411746559203, -0.8554946617415127, -0.867633646314095, -0.857757753324128, -0.8720194531611563, -0.8599572191326115, -0.8678511919124137, -0.8766989637775768, -0.8677908199108451], "mean": -0.8635040136203035, "standard_deviation": 0.008554436644125259, "confidence_interval": 0.008124500862268416, "max": -0.8526163400052647, "min": -0.8766989637775768}, "my": {"values": [0.3368688918820947, 0.3326083632345294, 0.3304871964307272, 0.33360818197904807, 0.3400377280217145, 0.3473548131731643, 0.32906159545253916, 0.3448947501937919, 0.3355579978635389, 0.34525987234589545, 0.3262409988557191, 0.340536327536194], "mean": 0.3368763930807464, "standard_deviation": 0.006540917575515498, "confidence_interval": 0.006212178860287341, "max": 0.3473548131731643, "min": 0.3262409988557191}, "mz": {"values": [0.027910471629638875, 0.02014635778419839, 0.024020967504157373, 0.0275626811164216, 0.02272477391051117, 0.02852248504819971, 0.02461822020200058, 0.030306643565665745, 0.031318195931362425, 0.026014033038222403, 0.025946065345749975, 0.022079396472861876], "mean": 0.025930857629082513, "standard_deviation": 0.003232906068101189, "confidence_interval": 0.003070424065383529, "max": 0.031318195931362425, "min": 0.02014635778419839}}