{"duration": 1.0003561973571777, "joint_position": [1.12791616121401, -0.9531238836101075, -0.08452397981752569, -2.43186153988027, -1.5508940855609339, 0.02612614631652832], "fx": {"values": [-6.513223098981437, -6.513223098981437, -6.563967714977543, -6.950648138419988, -6.868378279696035, -6.840127666876929, -7.042363689934175, -6.875999473226056, -7.316192619686614, -6.793325189348394, -6.805409836053592, -6.594624572498135, -6.733224409338273, -7.018455194312722, -6.598494012431378, -6.882183659592394, -6.718638204524268, -6.918151635028176, -6.801414254258903, -6.7211343519158575, -6.944558170061851, -6.44360332553997, -7.044933956007558, -6.781451418900011, -6.801866107977319, -6.935920615567078, -6.955195636838355, -7.329954726795926, -6.66539775018868, -6.891665925640259, -7.206681147446156, -6.848113195741546, -6.454736927792874, -7.095564925665727, -7.237075297252664, -7.276439360347909, -6.899559804863819, -7.025484086966012, -6.68531063511882, -6.92776616835991, -6.272338024897957, -7.19082414469263, -7.357627480313756, -7.207031562415856, -6.263046408377314, -7.065411839823685, -6.379996170212363, -6.641148329374826, -6.6915059860024515, -6.532457224901259, -6.649961638823504, -6.862314564329747, -6.92655492121825, -6.777892600663863, -7.260691762034933, -6.85358370693271, -7.240623268374829, -6.838507316449088, -6.84408323338591, -6.814533933881995, -7.26705436643638, -6.699298900713169, -6.346693719703531, -7.160641585239359, -6.821767431283758, -6.704575253666398, -7.3362699861057, -6.657642877946168, -6.928443462464779, -6.746570722251386, -7.201562256721026, -7.093605303824049, -6.665397233095881, -6.9859957358173945, -7.2283068844604745, -6.285180129285896, -6.850318411935478, -6.648615699141244, -6.800348478078981, -6.937144759452986, -6.985477259813236, -6.723613614016779, -6.899940624847005, -6.425049129602851, -6.8772465248147725, -6.734265545665316, -6.901244649771053, -6.857375867170835, -7.069193020814016, -7.397181261138069, -6.613075944018721, -6.688336966955956, -7.233041291533969, -7.389830587013426, -6.954899091190804, -6.591592934106665, -7.394296400740704, -6.662618589542823, -6.882064441152208, -6.610425222429658, -6.669533972210555, -6.26364992251426], "mean": -6.856666455479893, "standard_deviation": 0.27253736610188123, "confidence_interval": 0.08878137492357188, "max": -6.263046408377314, "min": -7.397181261138069}, "fy": {"values": [5.846092323569477, 5.846092323569477, 6.128779166527981, 5.716034554573066, 5.738744345342287, 5.689014092527848, 5.656779268451094, 5.605662811213418, 5.587522600453207, 5.49354508171029, 5.947941410552136, 5.895581483910885, 5.7310301672959065, 5.636266511365692, 5.4819026140226965, 5.94149267161438, 5.991857561948537, 5.583074030858942, 5.711597507368987, 5.979046383332324, 5.559275378653412, 5.759517409449704, 5.868292638904874, 5.64525383279385, 5.879267225625274, 5.882923788557239, 5.625921205425664, 5.984152734563291, 5.687175453159121, 5.99537834396652, 5.9494740473677545, 5.936836780308384, 5.6131267622915235, 5.7807416467624275, 5.63887861048422, 5.907057589112294, 5.637479293012527, 5.871538704853835, 5.844733300575854, 5.628675489648547, 5.600958152671762, 5.909418279059981, 5.83731584122573, 5.860746449879795, 5.829200889060531, 5.7421221223015655, 5.841926298953906, 5.940954277155265, 5.754400548861991, 5.789764582951131, 5.874488180856039, 5.94359417668816, 5.598168190301, 5.928678676429061, 5.842344744892665, 5.904282239453988, 5.9490540141555925, 5.603946439395527, 5.8170305128302, 5.8793536219414015, 5.69913108583209, 5.412410936223862, 5.544556093445553, 5.783538863142599, 6.126468090071338, 5.812486363148395, 5.532086552203216, 6.04041599672674, 5.88808864110127, 5.341142309840957, 6.104895836839264, 5.575409141745565, 5.65870648193538, 5.311597933013225, 5.501806529402047, 5.966561603666012, 5.573738040007342, 5.6850374534089925, 5.813430600882613, 6.064158455566842, 5.688255996908182, 5.729743100754647, 5.837966374971568, 5.682881809548672, 5.521627975583502, 5.95543316379721, 6.000054378715348, 5.550765949633147, 5.79374556569006, 6.0641824527575166, 5.445517782850612, 6.230816804946059, 5.61946833867022, 5.673157500588312, 5.598847094747278, 5.427734285764238, 5.772310059734702, 5.661705791148583, 6.059495762545394, 5.781233890103068, 5.282593462486292, 5.762862034008502], "mean": 5.763995803617126, "standard_deviation": 0.1900632830282108, "confidence_interval": 0.06191473789845238, "max": 6.230816804946059, "min": 5.282593462486292}, "fz": {"values": [25.54471551734909, 25.54471551734909, 25.635964314326948, 25.58025526996621, 25.961987137324634, 25.298183854046727, 25.874989857589465, 25.821567554162975, 25.417672225996228, 25.83488519992224, 25.582913495345515, 25.93652228634521, 26.12933424908146, 26.005070174876145, 25.873758657853884, 25.683978306924505, 26.306163880946432, 25.91978309774751, 26.056310095604214, 26.088634934944444, 25.905514093342642, 26.22779789900293, 26.098497393018842, 25.875938369627427, 25.686033468892674, 25.90256713810703, 25.922182288237856, 26.045365915675273, 25.776760420217073, 25.84564916706481, 25.72698626260115, 25.7811241472911, 25.74267696885125, 25.50548290359002, 25.669935091721406, 25.524495603226036, 25.397418804740816, 25.469838038162735, 25.517249829219452, 25.625498951169845, 26.067279606284906, 26.05096844809673, 25.449706583919493, 25.67416979407524, 25.7394382724577, 25.916641916051354, 25.75982854796343, 25.7155949519049, 25.75184793487574, 26.02796292965896, 25.593399260784015, 25.598671759358115, 25.603833792905384, 25.863197948488853, 25.890009715230246, 25.49346443160712, 25.49092988278425, 25.72296997343822, 25.792897545776135, 25.77285204082872, 25.535222414559456, 25.653156781566743, 25.734051517934695, 25.330488736319452, 25.939973258347123, 25.71843085823388, 25.825594897387397, 25.760289181118125, 25.895672537486572, 25.768782021033537, 25.665183808303137, 25.828169521019984, 25.687345226193347, 25.5470675827831, 25.84121777326966, 25.70417501810271, 25.547045439778238, 25.841327741707996, 25.270214479416175, 25.680341395632475, 25.86863439451882, 25.795303465436106, 25.821660464805085, 26.08584123543727, 25.92520075464355, 25.696425109364647, 26.025496097016802, 25.537725460458066, 25.697627868523043, 25.83738548101418, 25.741514528901767, 25.646253062769702, 25.832002326680517, 25.41122585817081, 25.92650419680475, 25.971391801436994, 25.654976167921347, 25.73953564272672, 25.676389833877472, 25.55198568187874, 25.52379282791872, 25.583649311320336], "mean": 25.751415249801685, "standard_deviation": 0.20318218075902683, "confidence_interval": 0.06618833089115847, "max": 26.306163880946432, "min": 25.270214479416175},