{"duration": 1.0003783702850342, "joint_position": [1.12791616121401, -0.953075723057129, -0.0844648520099085, -2.431849618951315, -1.5509064833270472, 0.0261383056640625], "fx": {"values": [-6.473291391634514, -6.473291391634514, -7.11162926963597, -6.961539058697635, -7.060812168237284, -6.804194630103629, -6.645759363914086, -6.7688866870066065, -7.309978291075124, -6.328852243582582, -6.660592103330056, -6.885319476236138, -6.746677464049815, -6.161256737809451, -6.7243211489912404, -6.72752977152813, -7.106135048197056, -6.785259409089401, -7.090155084094283, -6.899605520405084, -6.578525695039252, -6.5671941202031645, -6.989966484874695, -6.697028070061331, -6.263915926163883, -7.296693588535463, -6.827750104843034, -6.500967251480225, -6.80648963914314, -6.928473725044121, -6.299001941954242, -7.086336791431569, -6.795500404744887, -6.694976946007553, -6.6132363899395346, -6.769958771937222, -6.204088716184129, -6.406397410568058, -7.445523569478658, -6.63304828800036, -6.077424802047364, -6.907424557145329, -6.702612382067606, -6.796184587186912, -6.291980562524658, -6.539241287205342, -6.921990667540799, -6.864984338454014, -6.987075932125947, -6.541490957798132, -7.0404173329646484, -6.660245562113546, -6.746309878390602, -6.821770315440284, -7.293306273246856, -7.033286714603545, -6.680256917875494, -6.59513843828777, -6.799532387951161, -6.629532485922734, -6.960022796308623, -6.918674166491584, -6.684988372328884, -6.761004443752568, -6.8795483939828115, -6.803434999391106, -7.128933277084747, -6.706772887811164, -6.747346298533271, -6.513013430114747, -7.024012556463764, -7.156685389612868, -6.6440410447885085, -6.936783195150413, -7.205952930659976, -6.44675029030715, -6.822917563157513, -6.922016112614875, -7.016974679218553, -6.7555968352258216, -6.967516089855338, -6.8907921349260235, -7.505757636658811, -6.838443903080738, -6.981311883958273, -6.802252310040549, -6.450039692710104, -6.822104092494386, -6.500411311247653, -6.709259031286576, -6.4946425389132045, -7.084944187007002, -6.86432738357181, -6.944399233833971, -6.716028692828321, -6.519444689389923, -6.347989459361503, -6.745169727667273, -6.292942242478132, -6.743280457751631, -6.574398304887037, -6.9774049381046925], "mean": -6.773222510596392, "standard_deviation": 0.27145862772912505, "confidence_interval": 0.08842996668445244, "max": -6.077424802047364, "min": -7.505757636658811}, "fy": {"values": [5.958769882150784, 5.958769882150784, 5.6527764408853844, 6.000189394425831, 5.81174892602523, 5.669289237021818, 6.155483814482661, 5.924336772051547, 5.993621790665299, 5.616030849198109, 5.7087831447992246, 6.158353467461968, 5.598470959237266, 5.609929366126032, 5.7907192286820734, 5.821762936198509, 5.773854676562448, 5.824565138212929, 5.754854055814661, 5.856151144360204, 5.753285363861195, 5.893187293600723, 5.940468052014867, 6.3101951359438715, 5.542170407594675, 5.888369660376586, 5.837742345051717, 5.809958355556343, 5.950825535781346, 6.1832085693205, 5.730570421684332, 5.940173965223817, 5.851270330384512, 5.824237093985275, 5.842874609055897, 5.767852556700388, 5.5759784285836815, 5.883055470708968, 5.6405039833143205, 5.54237295371872, 5.7198749263984325, 5.491588889053626, 5.86982465059584, 5.34824925819845, 5.551114591725594, 5.764443004022436, 5.708783749726827, 5.700932936180294, 5.8045521571490415, 5.629373284579342, 5.899825224348567, 5.91701960373562, 5.784196938142365, 5.770659083485037, 5.879983742955799, 5.917352657176945, 5.944887119397375, 6.013299950745101, 5.974646986756335, 5.847146225985582, 5.813560137378106, 5.831703666333402, 5.833227987239345, 6.102100787014944, 6.081207433238334, 6.035821180283499, 5.869071556894414, 5.957550338584502, 5.900986372376124, 5.688676237936816, 5.667721222819106, 5.6770093085379045, 5.447071870525502, 5.527500031106084, 5.748360017007355, 5.645932523254052, 5.620748010149525, 5.652087519946444, 5.848901693317286, 5.906656104506107, 5.737279170126614, 5.993559914470961, 5.644689949602548, 5.729465817007399, 5.864399725863485, 5.800418760588512, 5.544918894033225, 5.49120721504519, 5.656082309692863, 5.626194187910634, 5.793137602394155, 5.871800487711891, 5.985567991548904, 5.314284679901231, 5.829843658550263, 5.7705377487816465, 6.032197732112289, 5.781899630070787, 6.0145081880897715, 6.088078722311105, 5.815726078371016, 6.0617079059222165], "mean": 5.805763892038122, "standard_deviation": 0.17882757141659494, "confidence_interval": 0.05825460886957237, "max": 6.3101951359438715, "min": 5.314284679901231}, "fz": {"values": [25.803872509283014, 25.803872509283014, 25.75814273692359, 25.304410494316272, 25.667127665281708, 25.538493393417028, 25.467569943037752, 25.581924274432435, 25.617607562068017, 25.815495146176517, 25.490154993424035, 25.59764854455382, 25.69066138983934, 25.892140142346136, 25.54273972143167, 25.69245498928148, 25.762786338683547, 25.419015747193896, 25.62237497162721, 26.263103068148332, 25.361079345879187, 25.790239532854237, 25.53397559232836, 25.695118443973357, 25.94171164448286, 25.97769621406708, 25.743873957626352, 25.87600185326182, 25.775360283419563, 25.75756809699752, 25.99467036045823, 25.84880110012326, 25.620605959679406, 25.793105108146413, 25.479340695952747, 25.3056246177485, 25.5575721179993, 25.817904190811504, 25.656384882879887, 25.789052076594345, 25.825755683522697, 25.716511685987587, 25.568566746995593, 25.551439042624523, 25.75541406571176, 26.24293546571544, 25.872356415991195, 25.54884405557204, 25.586887559376194, 25.579759890729953, 25.371234858992246, 25.81334092669047, 25.733367122545587, 25.327280537882213, 25.796272290181598, 25.679386627904627, 25.70212026587609, 25.605098986166414, 25.928880993951093, 25.84376499545424, 25.830853539763428, 25.339870567772934, 25.527767271056177, 25.41513144001278, 25.885428380785257, 25.827442568542487, 25.756335564098293, 26.046009129356868, 25.772418426851367, 25.746278861963475, 25.94782978565096, 25.99341573214117, 25.86326701229897, 26.238079213027945, 25.91365568167715, 25.979433724100687, 26.09128161557726, 25.8514550600924, 25.710355776099057, 25.994945680503307, 25.927802352593513, 25.671333430912902, 25.499972407810038, 25.711901066297884, 25.842703035112997, 25.85813615442047, 25.837819362268355, 25.944802005141856, 25.937126733252967, 25.833591236193747, 25.557006895443852, 26.051353518354034, 25.8189421337333, 25.923410712994283, 25.54033200304478, 25.78625823784034, 25.790604243376123, 25.981248659210454, 25.63096747159712, 26.056868783569577, 26.137649661334464, 25.81219317798903], "mean": 25.750782144585962, "standard_deviation": 0.20500598470992645, "confidence_interval": 0.06678245060643959, "max": 26.263103068148332, "min": 25.304410494316272},