{"duration": 0.10036349296569824, "joint_position": [1.12791616121401, -0.9531000417521973, -0.08451205888857061, -2.4318376980223597, -1.5509064833270472, 0.026149988174438477], "fx": {"values": [-6.7297760542330884, -6.7297760542330884, -6.911241746981675, -6.491825174605789, -6.323238996307807, -6.53331450682723, -6.16903612960507, -6.521600798762869, -7.186103454531245, -6.968763015036757, -6.559842407017204, -6.795266859951305], "mean": -6.659982099841092, "standard_deviation": 0.2725264113880227, "confidence_interval": 0.25882955902577925, "max": -6.16903612960507, "min": -7.186103454531245}, "fy": {"values": [6.050625870197698, 6.050625870197698, 5.906420715609786, 5.696509373766975, 6.044647845123196, 5.589051216953199, 5.848533228830182, 5.629017565694701, 5.528089718381007, 5.926483963419667, 5.6022469649766675, 6.105254238635714], "mean": 5.831458880982208, "standard_deviation": 0.20288515417068512, "confidence_interval": 0.19268838832691412, "max": 6.105254238635714, "min": 5.528089718381007}, "fz": {"values": [24.496721497463056, 24.496721497463056, 24.408985562629674, 24.95421486285405, 24.79078727517123, 24.93119956053411, 24.248338228358328, 24.430069314879162, 24.36181476053555, 24.558753208574366, 24.562021772796356, 24.711493738748377], "mean": 24.57926010666728, "standard_deviation": 0.21390573131756885, "confidence_interval": 0.20315508441192653, "max": 24.95421486285405, "min": 24.248338228358328}, "mx": {"values": [-0.8578616894305953, -0.8578616894305953, -0.8627384989846139, -0.8747691557826125, -0.8592427426189521, -0.873921338785866, -0.8673674127043258, -0.871452405075827, -0.8775817708535743, -0.864358224581385, -0.8680619363260983, -0.8491480683830128], "mean": -0.8653637444131216, "standard_deviation": 0.008063397356546148, "confidence_interval": 0.007658140623563054, "max": -0.8491480683830128, "min": -0.8775817708535743}, "my": {"values": [0.3377646444756706, 0.3377646444756706, 0.3330539550831001, 0.3267097700067794, 0.3302013945967921, 0.33017179690128057, 0.3141133875944212, 0.3222004338656109, 0.3398817075292934, 0.34624512698541726, 0.3208284599881446, 0.34141905903405784], "mean": 0.3316961983780199, "standard_deviation": 0.009108415087716657, "confidence_interval": 0.00865063701007978, "max": 0.34624512698541726, "min": 0.3141133875944212}, "mz": {"values": [0.03299662278857357, 0.03299662278857357, 0.028091562055237718, 0.02042304040031663, 0.024550652592666214, 0.03228947861799772, 0.0311810899807487, 0.026849207493853902, 0.026336834729818764, 0.032783288052712495, 0.02773797879979127, 0.02706296977532914], "mean": 0.02860827900630164, "standard_deviation": 0.0037776212096670638, "confidence_interval": 0.003587762473679748, "max": 0.03299662278857357, "min": 0.02042304040031663}}