{"duration": 0.2003040313720703, "joint_position": [1.1278923193561, -0.9530881208232422, -0.08450061479677373, -2.43186153988027, -1.5509064833270472, 0.026149988174438477], "fx": {"values": [-6.582259717663659, -6.582259717663659, -6.844870003099385, -6.690212331848574, -6.5553400453625565, -6.700950367944769, -6.41567875065881, -6.563034181637286, -6.891397697554175, -6.483389501371309, -6.450867920258582, -6.784910765490028, -6.534713428366439, -6.707208357077478, -6.53478663909927, -6.588373063155365, -6.621748595518998, -6.550109541763341, -6.2927673011537975, -6.569395544595106, -6.869894558756116, -6.05096426287055], "mean": -6.584778740586785, "standard_deviation": 0.18571961530538633, "confidence_interval": 0.1302693760302653, "max": -6.05096426287055, "min": -6.891397697554175}, "fy": {"values": [6.101906950708114, 6.101906950708114, 5.820957910163839, 5.955226238299233, 6.001905288552854, 5.864550385764199, 6.108583861441804, 5.865049612477027, 5.679655188572771, 6.023625954252695, 5.89192639425192, 5.77156495966615, 6.021603387179717, 5.873263096670268, 5.650598542298621, 5.767776858899725, 5.769777592163786, 5.962355156598818, 5.729474948149209, 5.86801958669695, 5.731869146863589, 6.306324868513315], "mean": 5.903087403586033, "standard_deviation": 0.16052308644347216, "confidence_interval": 0.11259576580028047, "max": 6.306324868513315, "min": 5.650598542298621}, "fz": {"values": [25.367909121475527, 25.367909121475527, 25.091442912003835, 24.73404857029206, 24.9327355506039, 25.156769267580763, 25.20883666021785, 25.223599099595546, 24.89994663425803, 24.96764930738183, 25.068204345820277, 25.201379595637988, 25.2431818165613, 25.005845336411966, 25.152842932108484, 25.240263104116185, 25.206501427696274, 25.05284828650956, 25.08684151000928, 25.098260476019938, 25.10483043420448, 25.08657473020335], "mean": 25.113564556371998, "standard_deviation": 0.14560583469211982, "confidence_interval": 0.10213235258170542, "max": 25.367909121475527, "min": 24.73404857029206}, "mx": {"values": [-0.8624698628083562, -0.8624698628083562, -0.8709349006345467, -0.8664159524905679, -0.8647654295920795, -0.8675363287963567, -0.8625187255539102, -0.8599173051823614, -0.8681602654666924, -0.8570026186311119, -0.8741172084378618, -0.8638630576206436, -0.8551295517467206, -0.8659835021994795, -0.8595195331161418, -0.8674993460915061, -0.8707774637635411, -0.8689684512001523, -0.878224476734903, -0.8646900321718669, -0.876604312570467, -0.8492811865351437], "mean": -0.8653113351887622, "standard_deviation": 0.006692145032033513, "confidence_interval": 0.0046940736776432575, "max": -0.8492811865351437, "min": -0.878224476734903}, "my": {"values": [0.3357364623905936, 0.3357364623905936, 0.33928966200843425, 0.3364877187722649, 0.336889899297614, 0.33766921377885734, 0.3262811318989424, 0.33766510390369653, 0.3466147509075492, 0.33292385667798974, 0.32612512980523545, 0.3442445777156539, 0.3310611835810654, 0.3407997557559888, 0.3330100838675508, 0.3367865289072822, 0.3388576732527216, 0.33362435515651423, 0.3369979671356971, 0.3291236509966761, 0.3375458033832286, 0.3271737811455655], "mean": 0.3354838523968052, "standard_deviation": 0.005192372389957245, "confidence_interval": 0.0036420876181778865, "max": 0.3466147509075492, "min": 0.32612512980523545}, "mz": {"values": [0.032997008049448884, 0.032997008049448884, 0.0293788082827854, 0.023114347017440487, 0.036992073072042414, 0.026742048255642317, 0.02264556478223753, 0.029146066877671975, 0.02310181203233684, 0.026048645425191794, 0.02953520882886089, 0.026716836698142246, 0.032367414816235146, 0.03086378420476797, 0.02631203804907034, 0.021898262932893597, 0.02656426905861059, 0.02364001142945034, 0.024985646817583543, 0.024114950272348945, 0.02598952068103666, 0.02907230724451912], "mean": 0.02751016513080754, "standard_deviation": 0.003887377824099641, "confidence_interval": 0.0027267248142133307, "max": 0.036992073072042414, "min": 0.021898262932893597}}