{"duration": 0.5003490447998047, "joint_position": [1.1279037634478968, -0.9531596463969727, -0.08448869386781865, -2.4318376980223597, -1.5509422461139124, 0.026149988174438477], "fx": {"values": [-6.9165478458915, -6.9165478458915, -6.33983624808856, -6.81004049421037, -6.5332002250596135, -6.882068524225717, -6.64335208854538, -7.047267418981749, -6.566019995497615, -7.14120848750831, -6.736289733413759, -7.1184451007604865, -6.855390503376748, -6.642782462913781, -6.775201801740119, -7.074207596785778, -6.591980761208451, -6.783396535118769, -6.492103611961159, -6.689032236405152, -6.622427502849528, -6.708670782000789, -6.430953422414608, -6.495742373106093, -6.906160495896994, -6.51458087074129, -6.789084610482696, -6.855108729535433, -7.061545927428147, -6.878024767976822, -6.3158312791615625, -7.048310670777004, -6.460468033684203, -6.990579646133287, -7.025157800805003, -6.7752475393801355, -7.223959874727761, -6.545338206403267, -7.007906499201153, -6.686176229451227, -6.34491500915927, -6.581922453044701, -6.687499923293296, -6.567100641033379, -6.991843232279874, -6.817629438635956, -7.421599734183024, -6.479447430488717, -6.781321986648477, -6.803265363916703, -6.961931708828669, -6.888772196767543], "mean": -6.773527767269636, "standard_deviation": 0.24091684218081247, "confidence_interval": 0.10991611964703972, "max": -6.3158312791615625, "min": -7.421599734183024}, "fy": {"values": [5.74291699849268, 5.74291699849268, 5.940557837194441, 6.033012142589428, 5.704256651417187, 5.605394435660231, 5.859096481978268, 5.931041879535459, 5.560218305440099, 5.578067799428175, 5.720079283128941, 6.018576350295483, 5.565936046162615, 5.504476327384776, 5.8968340704605655, 5.907725336667971, 5.679376289645826, 6.037514768689106, 5.935754432229532, 5.821409318455414, 5.611484627646894, 5.8360347536073, 6.112301912928199, 5.810307216910374, 6.079367462832089, 5.934997882274727, 5.96694783920996, 5.9828429212732885, 6.084365985785093, 6.0344322847042635, 5.904218149097974, 5.522760013048703, 6.018464522007413, 5.909569787358988, 6.07494865625472, 5.644985230377845, 5.756989044204296, 5.444417214217917, 5.675397617139611, 5.73489333415472, 5.413483710515711, 5.6755172283903645, 5.6750871519435595, 5.780451502757591, 5.917585901932517, 6.057202649464621, 5.881494928787983, 5.835970493967881, 5.740507646056814, 6.010337066494721, 6.145667150156244, 5.53812567107224], "mean": 5.819159986729297, "standard_deviation": 0.189670224470545, "confidence_interval": 0.08653531607698328, "max": 6.145667150156244, "min": 5.413483710515711}, "fz": {"values": [25.296016027364722, 25.296016027364722, 25.042518792205165, 25.244808565113974, 25.19012690587823, 25.253152638547007, 24.88894360723892, 25.42283875929643, 25.17133318043721, 25.02701255951672, 25.193323471853304, 25.155627699263977, 25.151363459590613, 25.224343892636842, 25.132793027867898, 25.473171300878086, 25.170887764378076, 25.166327722568422, 24.944647642913548, 25.144792065727827, 25.31919460260259, 25.311835047086916, 25.148737457483925, 25.153269509189144, 25.379830413981807, 25.165822779860317, 25.351294420924372, 24.629030612569636, 24.84827408443937, 25.153247430150625, 25.0019869804936, 25.186603908966198, 25.086426447513322, 24.936517362021203, 24.81313497069209, 24.804688100048654, 25.52728136925026, 25.433620038781143, 25.094390433219967, 25.25701417629918, 25.11473240318271, 25.251014266792406, 24.95826325567578, 25.266959110555014, 24.90124378978402, 25.02178270842315, 24.975395207507866, 25.178539485307798, 25.301358201340655, 25.65455953138984, 25.1793099088638, 25.459698703762278], "mean": 25.16259811209234, "standard_deviation": 0.19513240277761162, "confidence_interval": 0.08902738528600274, "max": 25.65455953138984, "min": 24.629030612569636}, "mx": {"values": [-0.8657464277164453, -0.8657464277164453, -0.8685442976760909, -0.8592800635478604, -0.876176376421257, -0.8791859920899506, -0.8635618730577262, -0.8610199476209213, -0.8742732224316309, -0.8817089740836113, -0.8678854479573483, -0.8615403195249087, -0.8713323917325047, -0.8766379085116707, -0.8648363495894316, -0.8576958712184033, -0.8790559147887406, -0.8592890267391132, -0.861837055356736, -0.869545793521963, -0.8800646096009538, -0.8733322373655618, -0.8598918675372835, -0.8605191469418785, -0.8561000215807062, -0.8597720967868008, -0.8634001957292811, -0.8698433223202401, -0.8591550181229166, -0.8586587403170342, -0.8687638779100825, -0.8708369570650274, -0.8635496008679042, -0.86445720516345, -0.8687949602666452, -0.8694979828907631, -0.8694600209972183, -0.8735733838610528, -0.883654133278007, -0.8682569079754956, -0.8837685319375905, -0.876345753535366, -0.8780086867262196, -0.870836083244823, -0.8611551213511983, -0.860828017651539, -0.8665760468682497, -0.8658863048570531, -0.8743831867905227, -0.8591564267079884, -0.8630731740455979, -0.8692085815225343], "mean": -0.8679943823676872, "standard_deviation": 0.007271545648336513, "confidence_interval": 0.003317576613849222, "max": -0.8561000215807062, "min": -0.8837685319375905}, "my": {"values": [0.3530522659981713, 0.3530522659981713, 0.3311255510892459, 0.34005512696236573, 0.33473772466616075, 0.3441719589008253, 0.3425240719472802, 0.3477099487881511, 0.33860525931319135, 0.3455898159342299, 0.3389215132300018, 0.3502131699007359, 0.34809668322802007, 0.3375161388873852, 0.34745297101137357, 0.34693600129944197, 0.3371164935034511, 0.3408056924989723, 0.3349113176028594, 0.33105165925400865, 0.345550283301634, 0.33290295113337426, 0.3263663045367178, 0.34237366172766986, 0.3470734436651, 0.33757391651196, 0.32960454369381376, 0.330608241140886, 0.34746358054109955, 0.3402090180337149, 0.3311972997760814, 0.34685591589806136, 0.3321538748250708, 0.34546105938010785, 0.3365024776245295, 0.3312014716659739, 0.35472548481461486, 0.3362536723425959, 0.33646884706375557, 0.3407514488231318, 0.33720986042709367, 0.33962792177523726, 0.331885254644557, 0.3337120403929328, 0.34811047300124354, 0.34881770731393186, 0.34956672707897885, 0.3397414282509993, 0.33698178437104265, 0.34977883556568656, 0.3382115286861148, 0.3358588207160105], "mean": 0.3404701059372648, "standard_deviation": 0.007004733734979581, "confidence_interval": 0.0031958461033281442, "max": 0.35472548481461486, "min": 0.3263663045367178}, "mz": {"values": [0.02735346325056305, 0.02735346325056305, 0.027558793447269928, 0.02210032854117079, 0.025080721358847674, 0.025963244807713115, 0.023203008040979606, 0.021697185003461045, 0.02612851660666203, 0.01991296484834472, 0.019380479577591134, 0.02142501744287946, 0.02999926104337175, 0.026629229125831183, 0.024540602568095163, 0.02786405875133366, 0.024482394386552836, 0.02431241928206848, 0.024387676450260465, 0.027009368954679647, 0.02803614244328427, 0.025195100637858847, 0.021914611257557406, 0.021622857160422795, 0.024010517658041033, 0.021623547546483005, 0.0320680075292326, 0.028334113084611146, 0.02325777410868564, 0.02104656982265772, 0.0339556093362605, 0.02362019811533829, 0.017152799194320403, 0.03822674959008095, 0.030617758324069794, 0.02143006506315713, 0.025350286122659313, 0.022428087065009747, 0.023793803437456795, 0.02394693251790149, 0.023405504437505692, 0.02797480384810934, 0.02453776603374523, 0.02426133809763102, 0.02230754186456388, 0.021332581623937613, 0.02719041366310629, 0.02172944942617551, 0.02290778272362083, 0.026025473251479622, 0.025426618698872888, 0.02918770939947972], "mean": 0.025005782881183762, "standard_deviation": 0.0037206722935182847, "confidence_interval": 0.001697522918197841, "max": 0.03822674959008095, "min": 0.017152799194320403}}