{"duration": 0.2003037929534912, "joint_position": [1.1278923193561, -0.9531238836101075, -0.08452397981752569, -2.4318376980223597, -1.5509422461139124, 0.026149988174438477], "fx": {"values": [-6.75428018394989, -6.75428018394989, -6.692347157941368, -6.907013194689482, -6.92186418278191, -6.825986173481595, -7.001965939952834, -6.6353315250691995, -6.745407295071415, -6.855799516036152, -6.958843686164563, -6.7079327684116565, -6.853980642768626, -7.002717879457985, -6.915327134101329, -6.829940385622883, -6.4866573355165045, -6.836435390025755, -6.5609609401335245, -6.665963985611073, -6.6703825006358075, -6.577333315870546], "mean": -6.780034150783817, "standard_deviation": 0.1415640229560357, "confidence_interval": 0.09929730313350525, "max": -6.4866573355165045, "min": -7.002717879457985}, "fy": {"values": [5.908493621853342, 5.908493621853342, 5.4458278860319185, 5.8008058463115395, 5.905435011855974, 5.925769661962673, 5.814333960904349, 5.586876218338604, 5.741468740551098, 5.945124289486517, 5.520825026385569, 5.763390445646104, 5.863730814399777, 5.702232786465691, 6.005617846283828, 5.79701372823224, 5.753734682339589, 5.872329903587584, 5.569344025370357, 5.423457126202944, 5.852096291521679, 5.9733519571719], "mean": 5.776352431488937, "standard_deviation": 0.16569917280622157, "confidence_interval": 0.11622642990458294, "max": 6.005617846283828, "min": 5.423457126202944}, "fz": {"values": [25.049851448331562, 25.049851448331562, 24.920581186870947, 24.740517445430363, 24.898502272169743, 24.82711161918173, 24.926076290819115, 24.90469253656208, 24.723030844956995, 24.742851734260963, 24.77502150452057, 24.68710247805256, 24.7407592176626, 24.74231074987766, 24.985520279301966, 24.810648907428998, 24.69607524701304, 24.775190276006036, 24.71426274970208, 24.628588680465842, 24.71083074264567, 25.01277487195755], "mean": 24.82100693325225, "standard_deviation": 0.12354905496432216, "confidence_interval": 0.08666105770715764, "max": 25.049851448331562, "min": 24.628588680465842}, "mx": {"values": [-0.8681311044732469, -0.8681311044732469, -0.8735817247122233, -0.8674197597123863, -0.8646311517159534, -0.8580305214454913, -0.8651864392788287, -0.8724752444521349, -0.8704704816950957, -0.8614013716833877, -0.869877366700827, -0.8682383056607353, -0.866156663964532, -0.8684099015142656, -0.862157907640126, -0.8680422295948429, -0.8673900458914279, -0.865191135527813, -0.862449882685817, -0.8731955638293811, -0.8678583760937129, -0.853834948786728], "mean": -0.8664664196151002, "standard_deviation": 0.004652084370764205, "confidence_interval": 0.0032631132000951668, "max": -0.853834948786728, "min": -0.8735817247122233}, "my": {"values": [0.33770648079479326, 0.33770648079479326, 0.3389833050077803, 0.34015053695037395, 0.3370988104009145, 0.3387329085849896, 0.3408700289706102, 0.3262651719479775, 0.3346355257507839, 0.34405227576977115, 0.3479005661083072, 0.33448585862570207, 0.3395255461260087, 0.34346747852786275, 0.34544795535317663, 0.34023954047549493, 0.3232475007730116, 0.3320030486861808, 0.34062856772640865, 0.33101572100771326, 0.33466928023192455, 0.34311415029083864], "mean": 0.3378157608593372, "standard_deviation": 0.005838257511558263, "confidence_interval": 0.004095131049480732, "max": 0.3479005661083072, "min": 0.3232475007730116}, "mz": {"values": [0.02510223419062653, 0.02510223419062653, 0.030098856484073844, 0.03082307383959934, 0.02793523505789619, 0.022322398598930357, 0.02602314433789879, 0.023924667187145615, 0.019946865043948478, 0.022154266142763487, 0.021836987639119287, 0.03220192740002402, 0.02383861171097143, 0.022902940376695755, 0.030229158383690474, 0.025681495314983552, 0.03281569510073716, 0.027847284263771296, 0.02550516087518423, 0.021388085539797805, 0.029489720597268926, 0.022276200776843835], "mean": 0.025883920138754412, "standard_deviation": 0.003691861579778314, "confidence_interval": 0.002589583785196879, "max": 0.03281569510073716, "min": 0.019946865043948478}}