{"duration": 1.0003631114959717, "joint_position": [1.1278799215899866, -0.9530881208232422, -0.08451205888857061, -2.4318257770934046, -1.5509184042560022, 0.0261383056640625], "fx": {"values": [-6.779925900792477, -6.779925900792477, -6.290343812748616, -6.272461501529174, -6.283646223075905, -7.023584825875603, -6.722118324701648, -7.013828997498445, -6.538977935997371, -6.246467279823467, -6.585273793079732, -6.916809423283416, -6.355146203818882, -6.532670933908285, -6.725836389244116, -6.94763676783389, -6.599482377109174, -7.010952457410745, -6.608002656913206, -6.7620565125258825, -6.133041084944774, -6.83381679135121, -6.561592212916768, -6.592065857358417, -6.835295778690824, -6.598779358472762, -6.748267669008127, -6.645951656654576, -7.13493306565658, -6.783769380301777, -6.367517215357639, -6.5703694808199895, -6.551424687621838, -6.380866925781132, -6.800312607647752, -6.588684015675934, -6.587218220360642, -7.223573928266131, -7.131060645412059, -6.734080302539636, -6.393099931252365, -7.09121474173691, -6.5951928264217505, -7.196712942061171, -6.55517248513378, -6.206901055878881, -6.461760956471225, -6.629387678657337, -6.520041697677539, -6.749233814485243, -6.845732362025227, -6.811519834503109, -6.721793501228031, -6.610024674064427, -6.482672787605015, -6.781532468742269, -6.582846334562723, -6.830954191947638, -6.843465828946611, -6.527074628313137, -7.137412851912554, -6.955948640674774, -6.8684631441159265, -6.3092226534676925, -7.190822454265256, -6.676377290027245, -6.482591950797738, -6.084081394854618, -6.782300240054136, -6.898284565810369, -6.7286539041371665, -6.644964052288978, -6.90745079114639, -6.750435874745998, -6.549629539870144, -6.864473299903777, -6.658774981801823, -6.370815431198671, -6.807792854841679, -6.59056161806307, -6.64655520757699, -6.359984643039249, -6.5121561346051315, -6.230945189421082, -6.276212347212083, -6.70565452402427, -6.995669174588289, -6.637102281245946, -6.322200568443851, -6.71993284862126, -6.652545142297511, -7.222710234090763, -6.493728118453598, -6.598288815903844, -6.7640898992439435, -6.938479762444942, -6.60882076602158, -6.390388986175723, -6.595544296983363, -6.9703089595980465, -6.7623544179256765, -6.914995727630245], "mean": -6.674625778667063, "standard_deviation": 0.25216156128864897, "confidence_interval": 0.08214378246288578, "max": -6.084081394854618, "min": -7.223573928266131}, "fy": {"values": [5.70429808725983, 5.70429808725983, 5.8316580845026245, 5.931350198436883, 5.810051465112177, 5.47177235399052, 5.904269565437406, 5.694769077888215, 5.849255387042444, 5.865242258224593, 5.902420145620126, 5.595555930662695, 6.052862532544044, 5.756398802812122, 5.624608598007988, 5.9323867383602185, 5.607330331848372, 5.875321769460871, 5.77630141233562, 5.689152078306817, 5.6399724169988605, 5.881795749511469, 5.8430012947783325, 5.747634958691721, 5.768635879269773, 5.554880734734047, 5.513123240226048, 5.491423174722428, 6.025375037007048, 5.6959159895916365, 5.749112835133198, 5.8541383578550175, 5.417613230937668, 5.858166507114536, 5.670705399408993, 5.541357138039278, 6.045822001175488, 5.802689889166199, 5.713099329978553, 6.029908616158712, 5.910912477411477, 6.033856366344889, 5.736687517310775, 5.727878712659144, 5.966804069433885, 6.177317147213573, 5.8828802890892, 5.995755341463791, 5.786261789752828, 5.8139743348353, 5.760416447785709, 5.724057599144031, 5.746085827602505, 5.395337597138924, 5.957071233618285, 5.91966192715495, 5.675858176093538, 5.260224682548467, 5.821637463450265, 5.474240733218578, 5.859532445152011, 5.900884142235592, 5.429464298068544, 5.414175145544279, 5.652769802636394, 5.819712414748822, 5.754550327148863, 5.75285731232208, 5.846884815924343, 5.494747767280205, 5.742292864488959, 5.880874652033591, 5.819355059180841, 5.7219515179531975, 5.603845517806825, 6.1254700103753335, 5.746955689071091, 5.725041959809238, 5.77214860037747, 5.8219306593594045, 6.17260903491416, 5.740239953445588, 5.94293285854631, 5.591549306843741, 5.852126550841934, 5.68575587214674, 5.813114998042153, 5.832527938878543, 5.659230698864308, 5.7919562397427615, 5.893178018349332, 5.956016037429383, 5.825044161279042, 5.583245835543075, 5.958838304599508, 5.8200042426981975, 5.915646318323953, 5.461119980895923, 5.754774455844849, 6.213514223378247, 5.770391686850546, 5.586079999275162], "mean": 5.7734895699718916, "standard_deviation": 0.17788975769409668, "confidence_interval": 0.05794910803900198, "max": 6.213514223378247, "min": 5.260224682548467}, "fz": {"values": [25.565576827849554, 25.565576827849554, 25.68543250513133, 25.653701698255418, 25.87860749882227, 25.745675625143264, 25.886578284055453, 25.946951300590342, 26.05978024957426, 25.85080124853242, 25.576954443969733, 25.621329455276665, 25.66163524230609, 25.734076377343257, 25.835807531428287, 25.973798789461732, 25.77124310876384, 25.635948622703875, 25.749368590450267, 25.79982643180315, 26.022617185831077, 25.720073167731968, 25.58023350166686, 25.5446453330962, 25.823919679763563, 25.509587998128293, 26.02724134096193, 25.90938448940683, 26.101627883201452, 25.973812570695443, 25.90660403831405, 25.65412091940501, 25.735597331140067, 25.961614274175474, 25.896332398931797, 25.60909457303278, 25.697651260213163, 25.670516192101292, 25.470899666455296, 25.67730669631129, 25.611208439097787, 25.53708175504631, 25.71594370808452, 25.888696011647973, 26.058126268162415, 25.544207637427554, 25.740302014999365, 25.853402478331713, 25.95290220634594, 25.819936873531745, 25.741249101236214, 25.847192072954527, 25.90817522590217, 26.08290651764203, 25.82274556300625, 25.73518250814793, 26.004759190945226, 25.51873925094998, 25.58090929293592, 25.482860320990014, 25.39263816537329, 25.98837735462769, 25.584517437836567, 26.010618171746756, 25.271155732567937, 25.843189929987446, 25.515900165134404, 25.462236424669705, 25.44658329454731, 25.559968652914648, 25.8155422338761, 25.68589935018068, 25.64236996963243, 25.824124566850237, 25.890889905547674, 25.864812689107698, 25.99539368274108, 25.777576751375832, 25.73543895443391, 25.834995613833158, 25.786529506286996, 25.811597118196346, 25.93755123714336, 25.806269413147334, 25.807701169591297, 25.774909686771064, 25.841346801982674, 25.97232682238848, 25.836061144239608, 26.162321591958854, 26.090961612487845, 25.924104056603763, 25.75563531476756, 25.93390929869731, 25.822579478497733, 25.657410956602632, 25.824069312789838, 25.618794901946426, 25.98215811832179, 25.55280606857726, 25.571874978568054, 25.55592885864097], "mean": 25.767717196984822, "standard_deviation": 0.17920954513030143, "confidence_interval": 0.058379040069493945, "max": 26.162321591958854, "min": 25.271155732567937},