{"duration": 0.5004358291625977, "joint_position": [1.12791616121401, -0.9531238836101075, -0.08452397981752569, -2.43186153988027, -1.5509303251849573, 0.026114225387573242], "fx": {"values": [-6.359808567093704, -6.359808567093704, -6.7279625013138205, -6.631928361402019, -6.488070071154981, -6.977962919354675, -6.58451073922623, -6.76519542017546, -6.714557638278492, -6.624057760518552, -6.713470975173449, -7.1543148450546195, -6.543742358006995, -6.8042166934710995, -6.997720955701379, -6.841172952461621, -6.455071635120798, -6.679928517812014, -6.989786677279334, -6.477031584426822, -6.304174644879232, -6.736851919799726, -6.817056004208199, -6.779268292985048, -6.582067124529255, -6.512318052479583, -6.342835823814743, -6.6816034338221835, -6.708840480326377, -6.745151167383367, -7.092977799561639, -6.785579442897409, -6.179978357688798, -7.059396342000139, -6.929876392494517, -6.46496348275738, -6.474355431530925, -6.711007057434808, -6.264095329443512, -6.847430455447109, -6.915351467641221, -6.717818003131809, -6.681947229433936, -6.719143522213572, -7.268135539926939, -7.122055957402384, -7.018850654656227, -6.832411675243498, -6.867396565974736, -6.975012125341845, -6.848234670534513, -6.531596115843644], "mean": -6.719386544287464, "standard_deviation": 0.24093010458819344, "confidence_interval": 0.1099221704998705, "max": -6.179978357688798, "min": -7.268135539926939}, "fy": {"values": [5.672591321723278, 5.672591321723278, 5.84512495530516, 5.714215751117172, 5.848231728007166, 6.110556492622971, 5.697539225393173, 5.9290083300892595, 5.616800739007375, 5.687641647214106, 5.626887203544667, 5.75488828378374, 5.8933850552151075, 5.848585162474743, 6.177858908178986, 5.894097748777972, 5.5476770959858, 5.5407536696587245, 5.930788456591439, 6.1386245734390865, 5.9072095888327, 5.686192636600541, 5.651801100706043, 6.051737020549002, 5.8200019968040175, 5.70749668864043, 5.774788827327655, 6.089198254016096, 5.677816759239071, 6.006846827590777, 5.778171084229755, 5.6803041679829285, 5.4700391265814625, 6.322330793786234, 5.499394730069916, 6.01191849318928, 6.073230133091697, 5.7865959238990765, 5.484003110923952, 6.276814252907959, 5.890952889324893, 6.051633739018057, 5.832022027194084, 5.7474480918222595, 5.724086344426263, 5.618230965708802, 5.823229015167861, 5.677805085363242, 5.640394110974081, 5.8065542881553025, 6.033094508189643, 5.795230466654093], "mean": 5.818161936900394, "standard_deviation": 0.19895115438542144, "confidence_interval": 0.09076965599994197, "max": 6.322330793786234, "min": 5.4700391265814625}, "fz": {"values": [25.081411861313764, 25.081411861313764, 25.20069233865012, 25.03146372825356, 25.253792284448096, 25.121152303930778, 25.524152175606257, 25.4003725922458, 25.261328510060082, 25.44920672668739, 25.01852536331856, 25.387760742981374, 25.039312154469634, 25.083143412536046, 24.81579748861928, 25.13100423769382, 25.47455588840023, 25.26456509615447, 25.096247753208225, 25.042135895859552, 25.41025017993789, 25.597455724889674, 25.466332445778264, 25.46128972155406, 25.327766158832432, 25.31403873244028, 25.172894222608036, 25.32414540107966, 25.40878069096499, 25.25419067626067, 24.974789969904876, 24.708266229086938, 24.948753934253013, 24.749551051800683, 25.234598429559284, 25.226621442025625, 25.193601940317038, 25.026224075757376, 24.83096982476388, 24.912948175438352, 25.069713780118292, 25.160711461030754, 24.581361044370322, 25.04713793185055, 24.921235113951468, 25.13754508913022, 25.487807927386218, 25.17190775395847, 25.332332163406257, 24.90065315935874, 24.759268963411195, 25.14271929005558], "mean": 25.154113367712164, "standard_deviation": 0.22700596467281428, "confidence_interval": 0.10356940821448293, "max": 25.597455724889674, "min": 24.581361044370322}, "mx": {"values": [-0.8640850491518498, -0.8640850491518498, -0.8689304198100902, -0.8639965279295041, -0.8641251833098549, -0.8604471009900417, -0.8614965676929316, -0.8676238020418209, -0.8774673643854827, -0.8632378792965105, -0.8735429274244408, -0.868946343045883, -0.8605388613870137, -0.8617203755260121, -0.8576369484750686, -0.8674117785554067, -0.8697924813002325, -0.878079374134239, -0.8673843202231435, -0.8700833211326071, -0.8523653822589223, -0.8625209589480787, -0.8729469520837819, -0.8598985038024153, -0.8704340732539044, -0.8755370207319275, -0.8642970819197413, -0.8575409745363243, -0.8747327589623184, -0.8676433475495955, -0.8732976412963024, -0.8756441266412833, -0.8831530397068817, -0.8484243840781952, -0.8736514855168493, -0.8648894421535205, -0.8614398878650337, -0.8675498742612203, -0.8711233195190656, -0.8519207860049811, -0.866532638642411, -0.8607228090287286, -0.8711691786268942, -0.8656752642910173, -0.8765943319353684, -0.8720101030575613, -0.8626029243165674, -0.8718959197300602, -0.8733971192994145, -0.8698957967191421, -0.864119551653546, -0.8661938847104532], "mean": -0.8669317738089517, "standard_deviation": 0.00688250080582661, "confidence_interval": 0.0031400784403288816, "max": -0.8484243840781952, "min": -0.8831530397068817}, "my": {"values": [0.32758329912559325, 0.32758329912559325, 0.3444171857483799, 0.3305355108341628, 0.3301842152829675, 0.3445769603859957, 0.33776796601345366, 0.3374106693691131, 0.33569554175878, 0.3473812317888911, 0.33670663168721754, 0.3472455925827309, 0.3291220229086985, 0.34238515963211075, 0.34043268055214754, 0.33021948902750853, 0.3267510355345519, 0.331326489443188, 0.3455430999233968, 0.3321591615150033, 0.32911365131652115, 0.34428481808494593, 0.34005165155867223, 0.34394200497910504, 0.3332185700206086, 0.3300633393073842, 0.3255834797798216, 0.333247159657129, 0.33765034641192593, 0.33567792979014593, 0.346113878389792, 0.333830978718916, 0.33304113237147664, 0.3475608462516057, 0.3439816986033048, 0.3284241931828898, 0.32873355836099233, 0.33897519195196346, 0.3319811944197179, 0.3497780084947574, 0.3380119782890206, 0.3411353010670583, 0.3413018253657226, 0.3370112075802567, 0.3433484894738218, 0.3430702728454043, 0.3571198044298165, 0.3453803763566021, 0.33769965924225626, 0.34962003420853494, 0.3373658271800408, 0.33966523535412846], "mean": 0.33790405548622743, "standard_deviation": 0.00717120485530472, "confidence_interval": 0.0032717970389862746, "max": 0.3571198044298165, "min": 0.3255834797798216}, "mz": {"values": [0.03142440584895216, 0.03142440584895216, 0.02550760765359461, 0.025780513915150946, 0.02523905582052066, 0.03228529750015183, 0.02930466468563879, 0.030651050052711168, 0.033471174918986504, 0.022664458842427918, 0.027460501178949978, 0.033848311970928205, 0.029243909700994927, 0.02696295771164646, 0.03706863715984854, 0.02879379880425871, 0.03328996502523264, 0.024396974835042093, 0.02044881450234455, 0.028522686000940337, 0.027772208369413187, 0.021590335642088426, 0.02137246241545604, 0.026315473850501953, 0.028954206862067677, 0.03473556431384889, 0.025114448773195658, 0.027756724510766148, 0.025806011802785633, 0.024689992431717503, 0.02775917742201299, 0.023858690846338418, 0.03551146217193936, 0.01576300252241962, 0.025618281961499054, 0.022129768814920958, 0.028504724401898177, 0.030385787289560207, 0.036444037135424656, 0.03357120551976345, 0.020909319548252564, 0.02873788706602902, 0.023410679945812127, 0.019191902260331586, 0.023852479747404537, 0.026920091733415794, 0.019147578700482837, 0.020986516610207895, 0.021715817650317368, 0.022651551020430774, 0.02327082575015979, 0.03154096454784394], "mean": 0.02699573795414576, "standard_deviation": 0.00484773132225806, "confidence_interval": 0.0022117333566663224, "max": 0.03706863715984854, "min": 0.01576300252241962}}