{"duration": 0.20044970512390137, "joint_position": [1.1279400030719202, -0.9531119626811524, -0.08450061479677373, -2.4318376980223597, -1.5509064833270472, 0.026161909103393555], "fx": {"values": [-6.430456424754452, -6.654854504091667, -6.549632312434267, -6.9100252109316616, -6.9047419611894165, -6.573426925257257, -6.663941096817107, -6.540454621952082, -6.753342935724705, -6.682789232415073, -6.431549490917908, -7.008463854022199, -6.9482874351029045, -6.888586331133271, -6.982202601394965, -6.700037421206334, -6.684583195316876, -6.3598288045246845, -6.733297761568608, -6.693204436969836, -6.592365577280395, -7.067758265984475], "mean": -6.716083200045005, "standard_deviation": 0.19441807891400834, "confidence_interval": 0.1363707424629595, "max": -6.3598288045246845, "min": -7.067758265984475}, "fy": {"values": [5.979971482736889, 6.15544900484743, 5.7471424640945195, 5.92241825747591, 5.493911414796382, 5.863800801904917, 6.18614112708245, 5.982461022212609, 5.873575801799069, 6.183248039468331, 5.755797334614485, 5.565214737656262, 6.025424459823979, 5.660772345006084, 5.789866657428195, 5.686508916053795, 5.670512249447208, 5.567332293168488, 5.7070497391920405, 5.751126715027322, 5.5201622786568905, 5.380856116024604], "mean": 5.794033784478086, "standard_deviation": 0.22201175815714194, "confidence_interval": 0.15572578674017024, "max": 6.18614112708245, "min": 5.380856116024604}, "fz": {"values": [24.738265005899695, 24.713053854898945, 24.92214742222923, 24.62065235860969, 24.72958254306852, 24.499335324091874, 25.045916388023347, 24.74807069451077, 25.177604147901214, 24.82197279376792, 24.89605618516604, 24.54749837023199, 24.791762904509785, 24.760332880887717, 25.121293578776523, 25.223801428301556, 25.164936159154017, 24.896160677956054, 25.11472433376515, 24.65289086761476, 24.938214336579794, 25.160318429767788], "mean": 24.876572303896015, "standard_deviation": 0.21326181802434957, "confidence_interval": 0.1495883131107599, "max": 25.223801428301556, "min": 24.499335324091874}, "mx": {"values": [-0.860170193143893, -0.8556708322271207, -0.8728219884840038, -0.8686562402171093, -0.8836569074439387, -0.8731815865197065, -0.8564160319116578, -0.8628260088314066, -0.8599923095842068, -0.8509421906990795, -0.8697697116782825, -0.8713091591559681, -0.8613105052068494, -0.8672154192336137, -0.8699363939036429, -0.8682772777144177, -0.8682200274048828, -0.8771793279180767, -0.8650264103181653, -0.8765629273611348, -0.8704843971770315, -0.8805221630622613], "mean": -0.8677340004180203, "standard_deviation": 0.008023270024755271, "confidence_interval": 0.005627765156246733, "max": -0.8509421906990795, "min": -0.8836569074439387}, "my": {"values": [0.33380338339365134, 0.33742716787968563, 0.335300451146945, 0.3426171302064749, 0.3447891113596938, 0.3349489033885391, 0.34170533286527205, 0.33584470101220454, 0.3445588904321765, 0.34335326434571833, 0.33243859274983595, 0.3431166796744748, 0.34813856410409966, 0.34226068468839144, 0.34370750290786295, 0.345005108991682, 0.33428781309686184, 0.3225284555203584, 0.3471189860986954, 0.3399373636595169, 0.33768180095098144, 0.3449485027424021], "mean": 0.33979629050979654, "standard_deviation": 0.005912825617685488, "confidence_interval": 0.0041474353827681935, "max": 0.34813856410409966, "min": 0.3225284555203584}, "mz": {"values": [0.022532635689230807, 0.030515074065135206, 0.02864043657598349, 0.015098286495230914, 0.026528333327974524, 0.026741463348969596, 0.029744989031086952, 0.028111147774154688, 0.01724502446359169, 0.03382130533060465, 0.022070630657822457, 0.023395838191845778, 0.038642923057921094, 0.020630230796712182, 0.023164807432010395, 0.017809004461923517, 0.02587914283657268, 0.02806851022296497, 0.025246481540534743, 0.029515785128638228, 0.030010254470539732, 0.024746209694342602], "mean": 0.025825387026990495, "standard_deviation": 0.005375011471076879, "confidence_interval": 0.003770196214015074, "max": 0.038642923057921094, "min": 0.015098286495230914}}