{"duration": 0.5003623962402344, "joint_position": [1.1279037634478968, -0.9531358045390625, -0.08447677293886358, -2.431849618951315, -1.5509064833270472, 0.026102304458618164], "fx": {"values": [-6.5196302175736776, -6.5196302175736776, -7.028795114974374, -7.123005605814823, -6.946517985054682, -6.7522837787433545, -6.892195725628449, -6.881918772640598, -6.775263194475253, -6.98449269803676, -6.542337849498258, -6.396016927593443, -6.706247923533271, -6.878601221932435, -6.866891858637891, -6.90863157878183, -6.830769379210804, -6.661338173700527, -6.543269470018327, -6.666639485498888, -6.751808900339298, -7.063954040844529, -6.926286539410919, -6.327214850296108, -6.223235444835751, -6.765910305320187, -6.650145501517423, -6.545431302702525, -6.621979596329504, -7.378845317297188, -6.699076180711298, -6.645807540100295, -6.894179161519633, -6.86000783612074, -6.341359592953609, -7.16847997150366, -6.242927513367784, -6.340672355052014, -6.924001388424296, -6.671691972988016, -6.520573830818405, -6.312104258596712, -6.617210713067783, -7.002834784716745, -6.515211312819583, -6.776258865917145, -7.159610066799154, -6.862226883006583, -6.791044060450854, -6.725406006849443, -6.644425220138807, -6.6700613537492055], "mean": -6.732008843220895, "standard_deviation": 0.24842187593630077, "confidence_interval": 0.11334022308769584, "max": -6.223235444835751, "min": -7.378845317297188}, "fy": {"values": [6.017864108089771, 6.017864108089771, 5.786863106323241, 5.579976675356246, 5.867996608621824, 6.013947710551162, 5.937681529947186, 5.635921951616706, 6.053271138294901, 5.947975346455278, 6.001709021649848, 6.1397377548789684, 6.006092940607941, 5.920987530149605, 5.937349736288405, 5.614958210347238, 6.108634791959302, 5.813897905035145, 6.0095109022001205, 5.970503052186327, 5.989215245980686, 6.173345569413346, 6.134609501806594, 6.054262960423339, 5.998550917222199, 5.891271997371849, 5.906986079372032, 5.800402792529711, 5.73133262110238, 6.257190326650693, 5.989700394154939, 6.032056344800463, 6.113074627033047, 5.65683964371297, 5.799958896481513, 5.791153353077741, 5.867219380041739, 5.895764076350682, 5.795103407578711, 5.673123997584546, 5.767647501902994, 5.640423259236767, 5.747885362941617, 5.665674778949601, 6.029025754366327, 5.851073567083824, 5.635974510507102, 5.52318563646888, 5.963531120053841, 5.8512690514675345, 5.797519947567306, 5.971909616553404], "mean": 5.89190435323918, "standard_deviation": 0.16693654007617864, "confidence_interval": 0.07616327918952558, "max": 6.257190326650693, "min": 5.52318563646888}, "fz": {"values": [24.820891934346207, 24.820891934346207, 24.8444847509687, 24.76124778020707, 25.042486717983323, 24.615940307176995, 24.928908128149757, 24.8418434528107, 24.89938231747638, 24.79893894704619, 25.044712401154495, 24.946685792914046, 25.026016636325814, 25.09819870178233, 24.57378526807628, 24.926817527296574, 24.617870357455615, 24.54750397980304, 24.925866626309137, 24.6827237308443, 24.567290249695628, 24.772007123491996, 24.718158126774668, 24.632370124420724, 24.202952583460913, 24.488518061892062, 24.467321983868338, 24.63374229226745, 24.92636520609319, 24.846975412773688, 24.538491728415053, 24.743754706958704, 24.61471600486408, 24.85482958840082, 25.195787319162783, 24.90705474419941, 25.133849962164454, 24.689679618755047, 24.51421775448822, 24.802598638050604, 24.57084117484053, 24.845418287697168, 25.160157338184973, 24.623057951840792, 24.864215375250854, 24.865149109965458, 24.42704852485639, 24.607459085236442, 24.78339859166266, 24.941626983255908, 24.878525538757366, 24.094550509875546], "mean": 24.76302551911722, "standard_deviation": 0.22255832084933821, "confidence_interval": 0.10154021114289875, "max": 25.195787319162783, "min": 24.094550509875546}, "mx": {"values": [-0.8620251300550437, -0.8620251300550437, -0.8698777949491909, -0.8784165492763292, -0.8697414928653806, -0.869211772679247, -0.8657699086510655, -0.8691184038158517, -0.8577078788282939, -0.8625008472778841, -0.8599710549119848, -0.8584006280164462, -0.8592864504674261, -0.8693366038278711, -0.8522554429630196, -0.8789233648384218, -0.8629183854998048, -0.8637475723266215, -0.8584770348065494, -0.8570545840746764, -0.8669834411228066, -0.8573129150376537, -0.862039557923749, -0.8588420084515163, -0.8694516058414656, -0.8584840947283223, -0.8685401725574902, -0.8698479368303236, -0.8671071048830541, -0.8613436406606119, -0.8651670516396119, -0.8637077744912274, -0.8652193600758096, -0.8680093854263105, -0.8624640164799772, -0.8676238713778122, -0.8620640983642426, -0.86619602688188, -0.8716467413938375, -0.8734547311011454, -0.861879248725741, -0.8630917945832417, -0.8615803235416784, -0.8715739023078884, -0.8619627940680976, -0.8643185454130866, -0.875325360046999, -0.8704098126272375, -0.866994224122499, -0.8713539003687436, -0.8712509221678546, -0.8594215740786294], "mean": -0.8652198839905135, "standard_deviation": 0.005596004290185556, "confidence_interval": 0.0025531260975259927, "max": -0.8522554429630196, "min": -0.8789233648384218}, "my": {"values": [0.3390077381098256, 0.3390077381098256, 0.3461565914074759, 0.345207785450342, 0.3407248025940904, 0.33586509859219127, 0.3451928477312252, 0.34414241299901327, 0.3464315598549712, 0.3461620363927669, 0.3364436205659853, 0.3214339955023789, 0.3361125214993717, 0.34027010307502775, 0.34637228307447077, 0.34295905170314916, 0.33726745552351695, 0.33760638493549366, 0.3302420216115327, 0.3417825747790635, 0.3273095851659115, 0.3424045162516569, 0.33525897695660783, 0.3258734165977474, 0.3176684495073577, 0.3397144691001738, 0.3333983281778662, 0.3310192555441116, 0.33529185971670933, 0.3493204424912758, 0.34228143734070765, 0.3427102273272228, 0.3483499010375683, 0.33700291119560466, 0.3337250805111477, 0.34682729994084904, 0.33299956787973617, 0.3281803460602074, 0.34723210571592167, 0.33794360344186697, 0.3337332634044067, 0.3327887444687203, 0.34154374677813437, 0.34410862532923797, 0.3279072462915854, 0.3402765291476689, 0.3432185966994368, 0.34582825334758754, 0.3381532750380238, 0.33427896749133934, 0.33862717135800224, 0.3307923908386032], "mean": 0.3381568694935523, "standard_deviation": 0.006978392998705501, "confidence_interval": 0.0031838283818036365, "max": 0.3493204424912758, "min": 0.3176684495073577}, "mz": {"values": [0.03645474605883704, 0.03645474605883704, 0.02567068326078488, 0.027590480177991553, 0.0256275475146594, 0.02259626354191402, 0.03561997271816601, 0.024014303115507243, 0.025701700718115908, 0.020635199164303286, 0.02539376380326515, 0.02545077632424858, 0.026632606264286013, 0.02178827142500972, 0.03576296593780637, 0.03299848640744997, 0.028927130019610933, 0.029043510267172057, 0.02187608435582368, 0.022510020563402566, 0.024547940135448518, 0.026076703809906343, 0.019831236088407186, 0.028136311325397387, 0.03264576841081601, 0.028535752770494624, 0.022587568582992393, 0.02672890484143399, 0.023475749290298886, 0.02129065942114053, 0.026423844807993604, 0.028255907627396867, 0.030831223155758203, 0.019941355033154654, 0.03234042473860663, 0.027016310622343442, 0.030361551821840804, 0.027687878864298424, 0.029342414831206032, 0.026107804177798025, 0.03068565768649016, 0.027409698252256615, 0.02121202334876658, 0.026553275121102074, 0.027449137562087347, 0.03181587966020076, 0.023422475588972647, 0.029069487975164204, 0.031101569729913042, 0.027952982031820076, 0.024049825322493487, 0.028778924601113018], "mean": 0.027161836633352, "standard_deviation": 0.004193489742445622, "confidence_interval": 0.0019132415820200268, "max": 0.03645474605883704, "min": 0.019831236088407186}}