{"duration": 0.5004808902740479, "joint_position": [1.12791616121401, -0.9530881208232422, -0.08451205888857061, -2.4318376980223597, -1.5509064833270472, 0.026114225387573242], "fx": {"values": [-6.981742520637411, -6.981742520637411, -6.90314224967573, -6.646734184331325, -6.6095515431075516, -6.542564045638192, -7.39600943695232, -6.721996362812623, -7.213165472677148, -6.976907179528259, -6.473278117089142, -7.222530903577585, -7.290854445112544, -6.305771273783643, -7.060541725782913, -6.86612045311117, -6.518589655480051, -6.931617562838698, -6.621632202238645, -6.752736322533912, -6.671651707270383, -6.459686611813176, -6.453770460563792, -6.928418157117021, -6.779781681449864, -6.804542183778927, -6.891652128927504, -7.096382415734909, -6.6277031659970955, -7.106553962962675, -6.687057136318891, -6.761937002838151, -6.816701895724824, -7.178630984657303, -6.8091059066138016, -6.558666038532748, -6.834204192955395, -6.725906519352904, -6.941813254072187, -6.252195153827848, -7.050853687993801, -6.502749449413925, -6.655987126326144, -6.584336449473193, -6.856967215545237, -7.383883870464098, -6.648274532845968, -6.603639334435265, -6.977395579185383, -7.251950259552342, -6.861281780763304, -6.74886123547234], "mean": -6.817880178067822, "standard_deviation": 0.263887940403252, "confidence_interval": 0.12039647443579536, "max": -6.252195153827848, "min": -7.39600943695232}, "fy": {"values": [5.980861316775258, 5.980861316775258, 5.577388251234874, 5.365468127125105, 6.051852917326968, 5.848920288636499, 5.755951325160943, 6.06416977973412, 5.813489682024949, 5.573745991873807, 5.972756778001669, 5.639773304847083, 5.6388080176590645, 5.58549009913675, 5.6854419845463, 5.83640485003521, 5.6570580457926445, 6.248179860068934, 5.695166598838533, 6.079909503529235, 5.63906217743438, 5.702163924989666, 5.784630278432042, 6.065160280864209, 5.8071103775784945, 5.664239751746589, 5.403535857468011, 5.711089777411593, 5.760602001121377, 5.861132814841122, 5.56990027928184, 5.819404957371225, 5.621550876276531, 5.830870292586059, 5.705540311638968, 5.873812812643559, 5.936572616069241, 5.757145311008404, 5.492710377531552, 5.42738077770886, 5.776498119722966, 5.714190901236321, 6.127500938757674, 5.5754367167434715, 5.68296120152872, 5.721753599364497, 5.5921729475874375, 5.711502499507261, 5.669796710391256, 5.542027697701261, 5.5666702390416205, 5.339169796469777], "mean": 5.740480678099599, "standard_deviation": 0.1959685396639385, "confidence_interval": 0.0894088651410717, "max": 6.248179860068934, "min": 5.339169796469777}, "fz": {"values": [25.240237399281533, 25.240237399281533, 25.059566145287064, 25.121655553180375, 25.42107189488845, 25.264527415097305, 24.746109718022957, 25.177424875248388, 25.066479042947257, 25.00239948935939, 25.132891487749088, 25.199556710725457, 24.96315817083325, 25.11609429210988, 24.995464321711637, 25.109513884681355, 25.499874663270724, 25.374637878395248, 25.139371932721012, 25.356551289934387, 25.374943478151707, 25.35480906034529, 25.727628415494713, 25.23512942839318, 25.402657846450857, 25.341226740007286, 25.546543362165934, 25.375133871881722, 25.80741141731349, 25.3233834942968, 25.402341972752144, 25.2812651071347, 25.22699558162151, 25.065724732692132, 24.96341908987025, 25.302039573737154, 24.6961074866328, 25.15930655811393, 24.944859312535634, 25.28243129765898, 25.078507759456052, 25.079636104487204, 25.37909296699643, 25.26525085741563, 25.24537328752787, 25.32899683147341, 24.802511770322955, 25.24259131618622, 25.501908220666756, 25.641058113218584, 25.589740400823125, 25.225842081297877], "mean": 25.23885944426633, "standard_deviation": 0.22386061709656155, "confidence_interval": 0.10213437196963854, "max": 25.80741141731349, "min": 24.6961074866328}, "mx": {"values": [-0.8626073171898462, -0.8626073171898462, -0.8720943375942837, -0.8750154989716724, -0.8619799245605302, -0.86733518503935, -0.8654585067857212, -0.859185523640273, -0.8692462578415725, -0.8801071217422769, -0.864821598723677, -0.8780057248689026, -0.8750767619042275, -0.8790721186465993, -0.868342128860434, -0.8765887748205573, -0.8758829068847145, -0.857262105876464, -0.8722864634392515, -0.8690831062692885, -0.8782847063849728, -0.8706349919186, -0.8650768349899904, -0.8593086816856808, -0.8734163894769136, -0.8659034086212578, -0.8812519796941374, -0.869673389824154, -0.8709113051532079, -0.8683429999406822, -0.8696996691366494, -0.8675136057131143, -0.8775271103144429, -0.8692075696772854, -0.8746541487939485, -0.8592796485517815, -0.8696001526777108, -0.8655404279292926, -0.8768272338860441, -0.8802990678598384, -0.8697309273196838, -0.8674564804651079, -0.8606931687580406, -0.8865512884563136, -0.8662579769944393, -0.8713662588582525, -0.8784442514767039, -0.8673951533467033, -0.8721997886119823, -0.8760026740115472, -0.8680369390896406, -0.8848051360991103], "mean": -0.8706529239724369, "standard_deviation": 0.006709144352403317, "confidence_interval": 0.00306098613402279, "max": -0.857262105876464, "min": -0.8865512884563136}, "my": {"values": [0.34730462957078734, 0.34730462957078734, 0.344973651411281, 0.3397957471496886, 0.33464476910251645, 0.33634420544832166, 0.36096385387471425, 0.3313369343845831, 0.3565404943866696, 0.34795690989945516, 0.338772309792954, 0.3537747823441373, 0.3527705118285139, 0.3262818845780767, 0.3437873389649496, 0.33840777416355233, 0.33589887199412904, 0.3403498547102557, 0.33777519750117535, 0.33626878034078167, 0.3453099503704544, 0.3392462964938499, 0.3415213978077047, 0.3464794913098716, 0.34853204725804565, 0.3459590102309854, 0.34577828568108593, 0.3516048240020385, 0.34502669134242736, 0.3518636416808654, 0.34501702422656333, 0.3392031598744468, 0.3373556269477954, 0.3450128639513132, 0.344114780367641, 0.3364280430626751, 0.3336386441312155, 0.33747369668267124, 0.34066148877072405, 0.3253851938302873, 0.3408432914439033, 0.3305605334250754, 0.34349303344922966, 0.32470672758007346, 0.34745012043065027, 0.35805407220350094, 0.334441118683156, 0.3401310714491672, 0.3490358232402944, 0.3602777430121028, 0.34363330683436377, 0.33343737178641314], "mean": 0.3423640288957292, "standard_deviation": 0.008193443068972645, "confidence_interval": 0.003738183933253182, "max": 0.36096385387471425, "min": 0.32470672758007346}, "mz": {"values": [0.024061320328712846, 0.024061320328712846, 0.02719355557201203, 0.02266632805066178, 0.017694727814159483, 0.023186085600912232, 0.03454927310093567, 0.025629660296090012, 0.026250245303970063, 0.02425260795121177, 0.02693612568424425, 0.02268329936197247, 0.021105609915082424, 0.029064526559977974, 0.030895121567368636, 0.024557002497601912, 0.02389968951615544, 0.026131206603168144, 0.020930356466749206, 0.03193810026829205, 0.02250549072618918, 0.029139205835975207, 0.027271857272694863, 0.02162656047477171, 0.024598645428682286, 0.025506594812896494, 0.026232113078947572, 0.0275818482599563, 0.0259472381251276, 0.024232032353666347, 0.03615200232684426, 0.027638979217897403, 0.016978300049231246, 0.029148593982142548, 0.022797542355817713, 0.02555985164667604, 0.02289957090056298, 0.027971221089899356, 0.028368960903719112, 0.023696949204463857, 0.03596493516016566, 0.02048284158422556, 0.02918102352782667, 0.03229796792317034, 0.018469851680948113, 0.027936401453644025, 0.03438273413712535, 0.027656388172829074, 0.02729075315090769, 0.025262848661554677, 0.02904335150799399, 0.03291761187199417], "mean": 0.026238969801279592, "standard_deviation": 0.004300977267939104, "confidence_interval": 0.0019622817886147934, "max": 0.03615200232684426, "min": 0.016978300049231246}}