{"duration": 0.10042595863342285, "joint_position": [1.12791616121401, -0.9531238836101075, -0.08451205888857061, -2.43186153988027, -1.5509184042560022, 0.02612614631652832], "fx": {"values": [-6.319949218330432, -6.319949218330432, -6.642281088173536, -6.74276922150702, -7.062981841269265, -6.6537701160898575, -6.781836222196331, -6.805508694664549, -6.546084665668116, -6.689447503219004, -6.700479881548802, -6.8841912165585795], "mean": -6.679104073962994, "standard_deviation": 0.20376628497944899, "confidence_interval": 0.19352523455225726, "max": -6.319949218330432, "min": -7.062981841269265}, "fy": {"values": [6.158646416871722, 6.158646416871722, 5.8510387833725535, 5.913679911003908, 5.781380042067278, 5.839535835798205, 5.63155967578883, 5.864798897291287, 6.237623182355495, 5.954716587312506, 6.056415583337854, 5.666939612952939], "mean": 5.926248412085358, "standard_deviation": 0.1859446066160919, "confidence_interval": 0.17659925248544278, "max": 6.237623182355495, "min": 5.63155967578883}, "fz": {"values": [24.46157688221778, 24.46157688221778, 24.400375033062353, 24.7871506659804, 24.44285628594602, 24.57522389388624, 24.515082139216894, 24.690884923419354, 24.471347528001225, 24.650510181127334, 24.620978317052902, 24.679974456055447], "mean": 24.563128099015312, "standard_deviation": 0.11676216151168695, "confidence_interval": 0.11089383454999312, "max": 24.7871506659804, "min": 24.400375033062353}, "mx": {"values": [-0.8567675401822521, -0.8567675401822521, -0.868129584779208, -0.8637737010372096, -0.8614869051275131, -0.8682563277664757, -0.8720760629183544, -0.8593916676714969, -0.854406461760647, -0.8621842622365614, -0.8539881684645462, -0.8692357968916886], "mean": -0.8622053349181837, "standard_deviation": 0.005894534679083256, "confidence_interval": 0.005598282397213317, "max": -0.8539881684645462, "min": -0.8720760629183544}, "my": {"values": [0.324595547506518, 0.324595547506518, 0.333611443544179, 0.3348524758209601, 0.34308662990748084, 0.32987538825133256, 0.3372077556992076, 0.33810015586015274, 0.3286102149556483, 0.33383657560445723, 0.3312381288041343, 0.3319380485539451], "mean": 0.33262899266787777, "standard_deviation": 0.005186886652689159, "confidence_interval": 0.004926199916531238, "max": 0.34308662990748084, "min": 0.324595547506518}, "mz": {"values": [0.032361525223961365, 0.032361525223961365, 0.023971232384724622, 0.019858582908795955, 0.024323243080119072, 0.03102941136120331, 0.023596709349534006, 0.026799277997554438, 0.025561548464225398, 0.023835951199430272, 0.021055439756025918, 0.02285846609652223], "mean": 0.025634409420504833, "standard_deviation": 0.0040299031473406246, "confidence_interval": 0.0038273650220920032, "max": 0.032361525223961365, "min": 0.019858582908795955}}