{"duration": 0.20031213760375977, "joint_position": [1.12791616121401, -0.9531238836101075, -0.08451205888857061, -2.431849618951315, -1.5509064833270472, 0.0261383056640625], "fx": {"values": [-6.976703629015159, -6.976703629015159, -6.754394809418187, -6.7801612247452585, -7.005922967990741, -6.509670652035812, -6.655165177940075, -6.588709722824962, -7.1631419290136655, -6.9502373521249625, -6.689754951546508, -6.6368710659691885, -6.624921010084444, -6.567682159829465, -6.438686114908213, -6.607954932608944, -6.168794647738151, -6.551013296085367, -6.437994573141486, -6.826409954167481, -6.683067610349996, -6.893087738321534], "mean": -6.703956779494306, "standard_deviation": 0.22503165063111885, "confidence_interval": 0.1578440309957196, "max": -6.168794647738151, "min": -7.1631419290136655}, "fy": {"values": [5.785023488951878, 5.785023488951878, 5.637514167470314, 5.795980678476637, 5.514249020054365, 5.751964397686306, 5.663046220251935, 5.882238573161815, 5.756756904482975, 6.145210055503999, 5.540694835399336, 5.676199277343612, 5.799246637947213, 5.89292209044237, 5.8870156281988315, 5.584486776074538, 5.61755313051603, 5.960823630123045, 5.975752940371125, 5.9552752054879985, 5.704022607427355, 5.913852641752104], "mean": 5.782947836185257, "standard_deviation": 0.15558292625889883, "confidence_interval": 0.10913058747931684, "max": 6.145210055503999, "min": 5.514249020054365}, "fz": {"values": [24.837748748927666, 24.837748748927666, 24.790601633431084, 24.833667643577623, 24.717674601935908, 24.42358881104161, 24.524537252498476, 24.503993291981036, 24.82642840373178, 24.948218092579623, 24.733495984214592, 24.784378122915477, 24.705100604926955, 24.84129411763866, 24.50779045286145, 24.75219156326959, 24.60273117504758, 25.00083411749509, 25.24644804124498, 24.44592868076655, 24.16150131293236, 24.79745397437721], "mean": 24.7192434261965, "standard_deviation": 0.2246102068123052, "confidence_interval": 0.15754841750751375, "max": 25.24644804124498, "min": 24.16150131293236}, "mx": {"values": [-0.873467099126389, -0.873467099126389, -0.8756989664508943, -0.8617639273688347, -0.8806694639025632, -0.8717801319247971, -0.8664795244873517, -0.867250986686944, -0.8710366098221569, -0.8584836031675793, -0.876342855446127, -0.8729505590636661, -0.8791843663921011, -0.8700945645749608, -0.8716542022632917, -0.8793323885334088, -0.8748739465954516, -0.8654346249562663, -0.858354543635369, -0.8677602341971236, -0.8789637650781144, -0.8605283201704257], "mean": -0.8707078083168276, "standard_deviation": 0.006614075726720049, "confidence_interval": 0.004639313496961329, "max": -0.858354543635369, "min": -0.8806694639025632}, "my": {"values": [0.34283576493951107, 0.34283576493951107, 0.33894059934847665, 0.3419341628901278, 0.33633541908001746, 0.31828151453436204, 0.33429275942899644, 0.33228228201277155, 0.35237153733806315, 0.33809422449571247, 0.3332591654084263, 0.3265504061411212, 0.3370123108945102, 0.3330733726794567, 0.32904548811609446, 0.33125788987510607, 0.3287751044622743, 0.3307614592182389, 0.33422562832745306, 0.3301302282932224, 0.33045629392195963, 0.34278817710195614], "mean": 0.33479725242942593, "standard_deviation": 0.007006502533452521, "confidence_interval": 0.004914573572029479, "max": 0.35237153733806315, "min": 0.31828151453436204}, "mz": {"values": [0.025487295976631713, 0.025487295976631713, 0.02116263110582417, 0.03035309063079651, 0.023319501562582057, 0.02839382701779415, 0.02709733103227986, 0.028577849659597934, 0.028415855120385414, 0.030295890772379028, 0.020470652576477927, 0.031238570242123287, 0.028985142411044926, 0.029347736779697972, 0.03424623510858302, 0.02649079653963321, 0.02961953924670968, 0.020154332508923567, 0.031759497165523634, 0.027428322931541113, 0.0269042343314818, 0.028990368162567448], "mean": 0.027464818039055004, "standard_deviation": 0.0035633662800458035, "confidence_interval": 0.002499453281257102, "max": 0.03424623510858302, "min": 0.020154332508923567}}