{"duration": 1.000314712524414, "joint_position": [1.1279037634478968, -0.9531238836101075, -0.08450061479677373, -2.431849618951315, -1.5509184042560022, 0.0261383056640625], "fx": {"values": [-6.2982838877257965, -6.2982838877257965, -6.550414685303261, -6.97734747884722, -7.052037941667528, -6.40545109068489, -6.933752598564014, -6.2545441938288695, -6.698677664254017, -7.068778173866357, -6.837042104622821, -6.573122616928666, -6.495283738330372, -6.614131594373951, -6.254733693366685, -6.721070068551513, -5.822215508084609, -6.94084115361704, -6.4858068443116865, -6.381681523225472, -7.105857441836688, -7.3872375276154925, -6.474796872448562, -6.626101210045545, -6.979068405211189, -6.56246071643268, -6.501568115088537, -6.7900129796160575, -6.756428193362945, -6.579962811658947, -6.618748631945429, -6.665226947509079, -6.321770435308975, -6.645382156300521, -6.654002282044592, -6.260848816868251, -6.541005159391687, -6.816369685699366, -6.259912207586469, -6.660975647184159, -6.560735315595192, -6.416528377074352, -6.670643695501425, -6.564493734546392, -6.505153424682973, -6.772123104823544, -6.652960211421638, -6.034862357561881, -6.945027278727146, -7.018154743717089, -6.808643928327465, -6.064924773798433, -6.480811284468365, -6.839971094118473, -6.474627794034763, -6.711410599480183, -6.75764074981205, -6.895661118187558, -7.049110903556924, -6.673354902617739, -6.889532796208816, -7.156515047666606, -6.620103764592292, -6.715106525559244, -6.527228511268579, -7.061974362750915, -6.790611388175909, -7.010310202009522, -6.5219101305526, -6.864040602065948, -6.93302071149899, -7.146900481802159, -6.437709953079276, -6.680472715580885, -7.329763292028592, -6.815122411675127, -6.406843874235199, -6.753878607986318, -6.744667642559301, -6.218110628909767, -6.969590779489156, -6.210492965346364, -6.904095736644479, -6.4842259181122515, -6.917359009491847, -6.681790973263058, -6.427786316256585, -6.937744410622894, -6.909322631376595, -6.553773467786198, -6.8153628413920355, -6.548655036404968, -6.497071011409891, -6.549397773202229, -6.924050835969897, -6.829984224625104, -6.511946012928405, -6.991097106789908, -7.1278207139862495, -6.153522781917401, -7.017824092573316, -6.1928970283654365], "mean": -6.672036386286761, "standard_deviation": 0.28878542740186014, "confidence_interval": 0.09407431967711938, "max": -5.822215508084609, "min": -7.3872375276154925}, "fy": {"values": [5.7253125356752115, 5.7253125356752115, 5.809150077943956, 5.463821004375465, 5.823766698485371, 5.763136148498855, 5.67828294862105, 5.6660962463452655, 5.726850076419318, 5.891778781530521, 5.641254195848363, 5.717009053866635, 5.639713153948525, 5.849513813853916, 5.4092395215331415, 5.879397585541611, 5.690534162878068, 5.455442150352354, 5.81380327064442, 5.530885610869586, 5.852868848947529, 5.619637241806625, 5.9140202039878185, 5.785103156611855, 5.901730507739455, 5.6204289387319, 5.919495001083534, 5.849552069506744, 5.626204738062121, 5.8575170998909325, 5.664797916210922, 6.008529517309596, 5.694569120276508, 5.497924390842423, 5.61845423397143, 5.92406038871898, 5.514774723376357, 5.499506584078869, 5.80976500405446, 5.89495639429836, 5.594633820065319, 5.973950770844216, 5.609561645983544, 5.786309067738259, 6.05712558488406, 5.637872765646397, 5.885374906297592, 5.72157713694671, 5.736293159186326, 5.898759706160028, 6.110358332757748, 5.697811116238801, 5.74574751014616, 5.724744333136585, 5.358976514147278, 6.062822970412031, 5.502536382851315, 5.7504976302839665, 5.730988827809121, 5.574192331528566, 5.729564070459372, 5.510013636280792, 5.326935647614458, 5.6560443636594115, 5.6532483632948765, 5.766417197889723, 5.578019840987594, 5.691373530988875, 5.94892635920847, 5.990956725966034, 5.854719804042829, 5.909515858069593, 6.200675371915059, 5.69807589531173, 5.735150631193102, 6.003613090434149, 5.432797617815321, 5.578687383327258, 5.524823968061508, 5.892890301855548, 5.936961715409043, 5.6769673915710275, 5.729740242400827, 5.830914879169997, 5.934693090697433, 5.8127849919896555, 6.044846213269446, 5.6412345651472435, 5.827238596104982, 5.758562938145886, 5.784331389897021, 5.583837463132687, 5.900928361808034, 5.902812963094847, 5.8390722190979, 5.941214362800693, 5.866745808045119, 5.817942275560334, 5.334966412220149, 6.01535972930945, 5.540737798525709, 5.5025042392420085], "mean": 5.745501739906793, "standard_deviation": 0.1775332228828483, "confidence_interval": 0.057832963778846065, "max": 6.200675371915059, "min": 5.326935647614458}, "fz": {"values": [25.873513679972106, 25.873513679972106, 25.66718148427146, 25.763868641155675, 25.642002195238238, 25.459096804443327, 25.59879970456557, 25.734877712233608, 26.018198547575565, 25.905975219448976, 25.7884033888223, 25.971693579399908, 25.735833829013316, 25.954939519699785, 25.65181787837186, 25.774518188638517, 25.500680339911675, 25.812569361291395, 25.75657676071991, 25.645548160008985, 25.69321595021433, 25.531102817926204, 25.731619643277906, 25.693841700570026, 25.946406090410587, 25.272299629067522, 25.68950265436176, 25.861631431952993, 25.60534058332165, 25.826150367188426, 26.119680539932645, 25.704577466330136, 25.66479794094166, 25.65631898746752, 25.71660925095594, 25.931451215449353, 26.23687464963055, 25.669599829367094, 25.733546853098133, 25.429586345820212, 25.76127419691005, 25.832277948877696, 25.577045205889466, 25.788670258016296, 25.641575162608852, 25.67741005510654, 25.407793209877685, 25.656793787158634, 25.741549367031205, 25.857079641149543, 25.678744851434487, 25.779033431042365, 25.34633787921575, 25.79215887113396, 25.699452047960314, 25.79119878013527, 25.5128582344272, 25.533308130270704, 25.64970688082689, 25.32855554292961, 25.594430844770372, 25.97822326664567, 25.386813986039048, 25.878822812885023, 25.52511164327958, 25.274353750433356, 25.35252459951836, 25.542449937644957, 25.902102648170587, 25.555468940836803, 25.67713516670546, 25.598961826086843, 25.9158536172729, 25.769642795207744, 25.690590653262, 25.40590485254173, 25.472794308470682, 25.24789327227041, 25.549127464497552, 25.4911169567942, 25.65615186164029, 25.647854591199245, 25.632966541360428, 25.565263502907754, 25.725476539563783, 25.52765900705358, 25.586699248565388, 25.446082185604677, 25.609295329678517, 25.590941131183914, 25.95192544618745, 25.652833475204055, 26.022142242370613, 25.928664536727297, 25.80236404537763, 25.775435733594897, 25.79551490737653, 25.72336849318864, 25.990859565952157, 25.799905008315875, 25.749368573659652, 25.685425932545606], "mean": 25.691883405359132, "standard_deviation": 0.18610801790006243, "confidence_interval": 0.06062627649850989, "max": 26.23687464963055, "min": 25.24789327227041},