{"duration": 1.0004315376281738, "joint_position": [1.12791616121401, -0.9531119626811524, -0.08451205888857061, -2.4318376980223597, -1.5508940855609339, 0.026149988174438477], "fx": {"values": [-6.662779834901059, -6.693861769099514, -6.505155517972877, -6.546914003862042, -6.7792597245753745, -6.745463420519796, -6.635812822685658, -6.877337701518628, -6.710307670697793, -6.5614219898756705, -6.493700871514585, -6.518148377324823, -6.943482778485405, -6.867940990299368, -6.866969708832501, -6.4997415961880725, -6.619580163806517, -6.605801236515773, -6.870279823766283, -6.53127571524524, -6.708487002839945, -6.715280803774577, -6.961016420123551, -7.05669935049932, -6.944610019304394, -6.683536326266774, -7.090503651207581, -6.229859220452159, -6.843566787135787, -6.52268094656954, -6.681085430568087, -6.965075251438998, -6.828386607429369, -6.8179921120241, -6.818184162459197, -6.495757535535271, -6.4888535905588824, -6.5388796780449825, -6.367917083961845, -6.498629313565686, -6.846409563092096, -6.842092680508388, -6.766632152224377, -6.302382495328429, -6.633098618428398, -6.598429718642468, -7.040417859106321, -6.681831873610332, -6.5382944227443005, -7.118226217718373, -6.691135479067106, -6.406871304503769, -6.412619735803272, -6.707705234325208, -7.270715191269796, -6.891806707987658, -6.317365611064519, -6.821040947741083, -6.7531609736489235, -6.838564354089404, -6.62234971524307, -7.239548840345244, -6.741112956599592, -7.083787980836348, -6.589664605727159, -6.753298912140455, -6.529873771174792, -6.456410278600032, -6.5521835202755785, -6.483279450721222, -6.804905600675257, -6.457175053978393, -6.723717522257401, -6.8950312524475414, -6.707417740238066, -6.789358002482436, -6.77261487970293, -6.602530684944384, -6.666404890859031, -6.836769939277622, -6.8314619575607605, -6.906090607949838, -6.941946235534153, -6.0752603956303295, -6.989584666844213, -6.8939115344319974, -6.957610502601743, -7.049792465872956, -6.967603911411222, -6.850863705506339, -6.791568520224422, -6.306882362727066, -6.714178193805126, -7.079131550813894, -7.436950162882966, -6.8429315256035474, -6.540643259284633, -6.8228011531352575, -7.202773421701658, -6.746419924213956, -7.094034568008821, -6.720792361224449], "mean": -6.738644183704383, "standard_deviation": 0.23413667258496462, "confidence_interval": 0.07627202100556241, "max": -6.0752603956303295, "min": -7.436950162882966}, "fy": {"values": [5.6387715467505455, 5.662306021778244, 5.893396501787164, 5.487721251506231, 5.713202402940087, 5.8402378799636665, 5.797477194625781, 5.691014388473731, 5.638736711564832, 5.97618104328252, 5.377225259701232, 5.524543896807925, 5.782269072555496, 5.712608816033216, 5.46613600483038, 5.921707579443849, 5.568086926127326, 5.690418407685034, 5.78851569217554, 5.694389229220389, 5.965621547524435, 5.720969698439266, 5.661887173346357, 5.767320532650668, 5.583931211038166, 5.950092345119529, 6.051914181680699, 5.576609130953351, 5.774463272039195, 5.856776036070916, 5.486287478839349, 5.922621306514653, 5.382980248736139, 5.9195129225717364, 5.847238798298991, 5.706047033115937, 5.906542436051466, 5.521165717638649, 5.683363361929366, 5.589851033673818, 5.609328665445813, 5.417434997167072, 5.364934403275782, 5.702846604618728, 5.613792700744218, 5.676947765328672, 5.75630570385556, 5.491321054008936, 5.781530148722917, 5.893821217138011, 5.932976433597675, 5.729778350051044, 5.607961994006553, 5.767375096839133, 5.727847140545794, 5.7950225258547166, 5.694994057055069, 5.649458164126491, 6.111538447540887, 5.835994401169695, 5.653825801859265, 5.689771156338072, 5.623045861826541, 5.430541850503859, 5.932171203064385, 5.806377205883907, 5.591482824410264, 5.564552290578834, 5.70989986868039, 5.972597871997748, 6.044069048508026, 5.5967862260481835, 5.530980980621289, 5.447408509223739, 5.593457996551814, 5.609383802237609, 5.447526919782403, 5.633052023490839, 5.546681113064858, 5.900245427035358, 5.590205251387942, 5.865549781471795, 5.809014023856028, 5.608454077431073, 5.807833917695332, 5.880388473167374, 5.866128745101653, 5.7881246761192395, 5.564831091306205, 5.580363132783122, 5.638541934509662, 5.718284149397865, 5.276652489821567, 5.717178616706659, 5.712880317834206, 6.12935593941043, 5.839334707023533, 5.6989973063839034, 5.557245803545003, 5.975422303618236, 5.665592022213341, 5.63189726046369], "mean": 5.7073282859562156, "standard_deviation": 0.1712129048568905, "confidence_interval": 0.0557740661960133, "max": 6.12935593941043, "min": 5.276652489821567}, "fz": {"values": [25.38163318712406, 25.837265356166903, 25.71501527913099, 25.50846935505212, 25.849513191721257, 25.925685025894143, 25.88547024006618, 25.776558215373008, 25.754812960609073, 25.58800511481106, 25.768193343294136, 25.538303731981834, 25.484451769707693, 25.36453870960236, 26.010911984629566, 25.923642069075765, 25.945759507857204, 25.449072216867375, 26.006446120145572, 25.470955265932858, 25.6421282259283, 25.994102265044308, 25.615080328346448, 25.6015535531972, 26.046764225409472, 25.608224816605386, 25.690527412742647, 25.852063072248743, 25.983050568658562, 26.010524906870014, 25.57933152728991, 26.07041017757082, 25.877294544907194, 26.096354673045774, 25.803951654023646, 25.86634979583749, 25.734157370152488, 26.056596883096415, 25.67781017252424, 26.024703427567182, 25.69238199515657, 25.881767475415018, 25.814378441256203, 25.940387523775442, 25.689951992473922, 25.84863680364129, 25.568476103353813, 26.097379185951837, 25.84529002033374, 25.848559729031024, 25.78698583262767, 25.90503299347188, 25.921336363677355, 25.76856134735546, 25.754866649820613, 25.64923436228153, 25.794327298929083, 25.497472524101028, 25.921709619012425, 25.83821493942395, 25.928714434176033, 25.38350082509747, 26.049064447833914, 25.872371105667813, 25.715133481709444, 26.096622692333934, 25.744306036823538, 26.01868059131371, 25.83703287176898, 26.038248061710945, 26.001684930605343, 25.80739768621565, 25.86536879508665, 25.589692595887747, 25.904386470061933, 25.664192915901868, 25.93952562413332, 25.900820708031915, 26.140015480107692, 25.991956724348867, 25.763748993845628, 26.266751372784224, 25.882933890733497, 25.7556291135179, 26.213913877199186, 26.19891552592553, 25.9853136214372, 26.057931196680507, 26.140620149074373, 26.37539330931878, 26.18643107284489, 25.7603530332436, 25.969370691469074, 26.16686719362199, 25.86270544995775, 25.516084792782042, 26.267399570071156, 26.006852401251436, 26.246382121178662, 26.082904370920424, 26.049405246529822, 26.055653564735206], "mean": 25.85667559299155, "standard_deviation": 0.21474873708913664, "confidence_interval": 0.06995623541304416, "max": 26.37539330931878, "min": 25.36453870960236},