{"duration": 0.500281572341919, "joint_position": [1.1278799215899866, -0.953075723057129, -0.0844648520099085, -2.431849618951315, -1.5509184042560022, 0.026114225387573242], "fx": {"values": [-6.503278594223267, -6.503278594223267, -6.1118462877334965, -6.496987711150299, -7.019066906686982, -6.348441401727694, -7.17386319242061, -6.468234708390856, -6.30711472147551, -6.764309383959425, -6.760833308964731, -6.475264660375091, -6.428690728973394, -6.544098580097689, -6.506772649353362, -6.5085681493754795, -6.799807567635062, -6.40797601705373, -7.018658429080537, -6.539327725103608, -6.807768975748614, -6.388854631481941, -7.162152047894784, -6.639209898499681, -6.804515470319407, -7.187041336698936, -6.728051722962187, -6.318583981837255, -6.865411177223781, -6.818498122325564, -7.046071183908184, -6.564481048254399, -6.5183733213327475, -6.698196025406903, -7.008008159370776, -6.494171998878885, -6.5875433640906405, -6.897230689208105, -6.754919343982466, -6.430277824055969, -6.559108051434917, -6.702240105433682, -6.298894021331134, -6.608202359203398, -7.133944270029508, -7.057936958111631, -6.6835312316170565, -6.6234293917158, -6.680686807870071, -6.562015808595846, -6.7510936035924605, -6.7471060066187265], "mean": -6.669499389558452, "standard_deviation": 0.25039061296237386, "confidence_interval": 0.11423844146276899, "max": -6.1118462877334965, "min": -7.187041336698936}, "fy": {"values": [5.793637567082763, 5.793637567082763, 6.044524500351372, 5.749126064142553, 5.561693955227633, 5.684788646559053, 5.675593276043249, 5.791115124632329, 5.849518261757861, 5.678329714392586, 5.775568289507223, 5.937914441349076, 5.505377026685145, 5.704796684880655, 6.170328461941507, 5.802377736085797, 5.9409994195176425, 5.5310634078706595, 5.457944232587458, 5.670852724814665, 5.703036051855014, 5.8120997506029735, 5.700425644501397, 5.9966670295555975, 5.866306251151929, 5.646769235729905, 6.1484937938869715, 5.895144142247879, 5.993800073295659, 5.899278793850247, 5.946810879903095, 5.849389672057398, 5.908814673682484, 5.683107843213599, 5.798081783423942, 6.068060126317564, 5.719985998838386, 5.687087287451083, 5.799063139557946, 5.673686644651497, 5.641129520817442, 6.3077077612470465, 5.554575461171552, 5.834963486670337, 5.977867244676485, 5.9716471379041645, 5.905028349730238, 5.969449802611121, 5.761655217039597, 5.729509448014864, 6.269689526771493, 6.019609537952169], "mean": 5.824194777171021, "standard_deviation": 0.1836801725333678, "confidence_interval": 0.08380240932186067, "max": 6.3077077612470465, "min": 5.457944232587458}, "fz": {"values": [25.161632998021645, 25.161632998021645, 25.0122417647315, 25.119022251314135, 25.109691900931807, 25.072623727614967, 25.01463956743102, 25.12611514301111, 25.156458732369813, 25.11403030666924, 25.085875903262195, 25.05851610929075, 25.29298481680875, 25.022070259853713, 25.432499547103177, 25.08057980306161, 25.201606536338595, 25.43675258018991, 25.321943306335392, 25.177558247967834, 25.07396231171583, 24.96972922291149, 25.19129183902836, 25.340790379370215, 25.150123624548215, 24.894095930883587, 25.354715961524413, 25.36850604977103, 25.00580233929617, 25.32536210180835, 25.001144429749445, 24.959499260734688, 24.84979263923251, 25.14605406193321, 25.081896654791347, 24.995220189413622, 24.90554558416713, 25.269892023516796, 25.34276166055961, 25.079144100032273, 25.12670783030122, 25.313135862419728, 24.928756505160976, 25.040305556839428, 24.984806434659255, 24.94026544814527, 25.11230060256188, 25.17020444947301, 25.025135506781147, 25.19933963437629, 25.278063493473617, 25.184897054915094], "mean": 25.130148562392776, "standard_deviation": 0.1421090175705801, "confidence_interval": 0.0648359476938852, "max": 25.43675258018991, "min": 24.84979263923251}, "mx": {"values": [-0.8737244723963689, -0.8737244723963689, -0.853440899169873, -0.8682436242470312, -0.8740312099524703, -0.8705810441174279, -0.8731844916075385, -0.8730482521352354, -0.8612100747005826, -0.8668578795779494, -0.863549752190436, -0.8669517006081175, -0.8797813268918484, -0.8704399092681263, -0.8478408704913869, -0.8683834508648778, -0.8638021083708758, -0.8689470614474109, -0.876829234645196, -0.8760458498610822, -0.8764153771444742, -0.8705928750601788, -0.866626829971412, -0.8580471140630688, -0.8521096491876172, -0.8741901611980992, -0.8497077593631259, -0.862710021782356, -0.8593741818052711, -0.8608440228274366, -0.8711618621871706, -0.8664617106499589, -0.8644340027119959, -0.8669402960398732, -0.8730573888434725, -0.8610850844692605, -0.8750356707033387, -0.8755134089105951, -0.8655748467058694, -0.8673731729346199, -0.8707156378385544, -0.8504754623795656, -0.87295941207406, -0.8706364836807083, -0.8578264218435353, -0.8578330630519382, -0.8645864150974802, -0.8646350966568728, -0.8702035302137512, -0.8702762304681502, -0.8553766024676154, -0.8499986492182461], "mean": -0.8662191562786514, "standard_deviation": 0.007878292221270011, "confidence_interval": 0.0035943992232703465, "max": -0.8478408704913869, "min": -0.8797813268918484}, "my": {"values": [0.3345689460989553, 0.3345689460989553, 0.32816729954880025, 0.332743292099622, 0.3523591185044227, 0.32761578018589316, 0.34751558216758605, 0.33208733214442065, 0.3316010183835967, 0.34253485530120165, 0.3461986138048855, 0.3248071270516813, 0.32889337277378894, 0.3361935744178476, 0.3357495374043381, 0.34445264771611234, 0.33877629339509135, 0.33277390777638854, 0.3468220178578447, 0.3349771854739553, 0.3393662241409906, 0.3306136220381296, 0.3479466308765934, 0.34581763583481245, 0.3483238461386685, 0.34368024610082654, 0.34201264557658057, 0.33085649014782803, 0.3427473694253809, 0.3456911787518187, 0.3404385052437284, 0.33659142562736866, 0.33350509470279777, 0.3447951470247418, 0.3401972912695342, 0.33672649282969436, 0.3311718652026657, 0.3468956361219311, 0.3556854861508459, 0.3339204748554652, 0.3361369863111852, 0.3361385075774848, 0.3241446260141612, 0.3256944510744506, 0.35198166483325505, 0.34654279034340746, 0.3326639747004191, 0.32573776828143786, 0.33809982126355964, 0.33719566827162734, 0.33914736354032726, 0.34776845809123225], "mean": 0.33830080454939104, "standard_deviation": 0.007681575535812908, "confidence_interval": 0.0035046490234107446, "max": 0.3556854861508459, "min": 0.3241446260141612}, "mz": {"values": [0.025144136495100555, 0.025144136495100555, 0.0364718906229765, 0.03389862520117508, 0.02732126716256339, 0.02333164183556856, 0.028076151854975043, 0.027869613028826956, 0.02914316130926363, 0.03449243375445114, 0.033808889914723875, 0.024607486143053692, 0.03205654401216382, 0.026788646071338768, 0.02846060604889561, 0.03528926221133585, 0.02628974155089761, 0.02377506565886771, 0.02788967468518433, 0.022636436105642185, 0.018555525325382155, 0.028905371735902796, 0.024054758170280507, 0.02770253631848589, 0.020489500293365367, 0.023386660051756214, 0.02851906357949506, 0.028414459683631058, 0.03318592340116343, 0.027164949048540152, 0.02503825599052316, 0.022611461025291837, 0.028997760671188116, 0.023106943137633493, 0.028464049214562637, 0.025667433337957846, 0.022720931035223838, 0.02055196478312392, 0.02273527664146971, 0.02345639520024148, 0.025071695151779955, 0.033156982344962685, 0.022716194190138247, 0.025828925343432424, 0.02205607116985736, 0.016642206266907836, 0.02349362614484042, 0.02806936530504288, 0.02182365191072215, 0.026772861981953416, 0.0270051521954999, 0.02327899768960201], "mean": 0.02638731458657813, "standard_deviation": 0.004265975912212314, "confidence_interval": 0.0019463127381779334, "max": 0.0364718906229765, "min": 0.016642206266907836}}