{"duration": 1.0003039836883545, "joint_position": [1.12791616121401, -0.9531119626811524, -0.0844648520099085, -2.431849618951315, -1.5509422461139124, 0.02612614631652832], "fx": {"values": [-6.5400398278074, -6.5400398278074, -6.985089658483244, -6.5040294017059965, -6.967032851859136, -6.672388500119377, -6.577354224522901, -6.362607506195168, -7.0535451165259975, -6.8732608704004665, -6.742370209218761, -6.487358550532132, -6.60024034085071, -6.307469051085161, -6.3077244894762945, -6.454639458827431, -6.947555078581606, -7.312304152099982, -6.7152062077684, -6.804519595698167, -6.760185522560043, -6.7796049781418555, -6.877277339011255, -6.46861169276667, -6.641857822623565, -6.371799837702328, -6.535843145396778, -6.626214553320407, -6.955580084701107, -6.90575712756761, -7.30163325574736, -6.836420443407427, -6.587549174205452, -6.861164859062059, -6.615345466037252, -6.341268540927919, -6.853676948034859, -6.632989090574147, -7.111483141842176, -6.380492304354028, -6.989246531232707, -6.647896250583486, -6.853990364527874, -6.45619242307589, -6.699957249108175, -6.860906432765914, -6.988516049519194, -6.684436084269866, -6.545633969287361, -6.4776309124587055, -6.674337441189726, -6.363883566439858, -6.415274044024944, -6.85977333771027, -6.876688331907022, -6.955500534327817, -6.752974805300637, -6.527093560752442, -6.656080152771707, -6.892785327805308, -7.189967064429677, -6.9615912996685285, -6.487717107489889, -6.319887939634318, -6.411882986148875, -6.857599999674362, -6.6847670786919915, -6.565569041959089, -6.535741004731451, -6.711822699748383, -6.799749394411728, -6.632810727149548, -6.312131661246515, -6.631054116661525, -7.088728409586676, -6.61416779777644, -6.9894629900053005, -6.933064031865545, -6.858432747896897, -6.452008242616543, -6.91459531326781, -6.674417836749463, -6.701861836213682, -7.400621692816145, -6.869975869498488, -6.764648065755972, -7.130978488137888, -6.712203261281201, -7.279396271588503, -6.936565703446896, -7.425235958073746, -6.815163878974016, -6.579668259976913, -6.596005838468154, -7.022989311509414, -6.664386541639061, -6.596671638380356, -6.515840411808375, -6.645259438375142, -6.738018891029605, -7.221832638067387, -6.994953524700353], "mean": -6.741350731644713, "standard_deviation": 0.25431674186500547, "confidence_interval": 0.08284585094440908, "max": -6.307469051085161, "min": -7.425235958073746}, "fy": {"values": [5.487364074611669, 5.487364074611669, 5.840784262430995, 5.969969444388041, 5.907710302358538, 5.821414471135157, 5.621262739756721, 6.05671324810202, 5.930647611047629, 5.961002042221956, 5.602675940967149, 5.908808856904462, 5.872240008435764, 5.94111154310305, 5.96242030778019, 5.663209060473715, 6.087508864073746, 5.7281766439854, 5.885311657314066, 5.798468928450884, 5.66689383634289, 5.819750220225329, 5.465405821821472, 5.9131127766534615, 6.226339200305258, 5.747858621311279, 5.943181246621471, 6.215064849730577, 5.8738018191100405, 5.7780973950368075, 5.871462790647003, 6.0145843899329146, 5.866220964644164, 6.202589423571739, 6.00747823952875, 5.683703943682572, 5.860670213583134, 5.588861100858576, 5.960211690609359, 5.8451551989852195, 5.7181041597893945, 5.759850671808114, 6.026256178840221, 5.906248808965541, 5.697899001125201, 5.621970903886651, 5.822211782181198, 5.702607686738816, 5.81029397061366, 5.692065780875418, 5.495340631538366, 5.762532440725789, 5.876278973390599, 6.1024032420214604, 5.568643068022167, 5.6887338003257035, 5.60179301942315, 5.4227481331047676, 5.892875720145826, 5.712033617964305, 5.634956105403448, 5.734430175038684, 5.7851841145477865, 5.970570732122364, 5.713496375240402, 5.800465618636652, 5.556736654243109, 5.610606512621802, 5.801913171466274, 5.668845747096325, 5.6641696121864875, 5.627398012240071, 5.9374027090395085, 5.954478697043736, 5.99383045216362, 6.122209043757838, 5.978025612101792, 5.713277027517599, 5.746034329989306, 5.315195675779977, 5.677195542458197, 5.816123697536171, 5.970309774567968, 5.635720334103011, 6.14667629105931, 5.372623773273789, 5.927471368078911, 6.0289844687618475, 5.777000514949529, 5.580352511134001, 5.823468049617447, 5.892339712253009, 5.695032810272736, 6.077132149445219, 5.943116935630878, 5.979505070518725, 5.784643046412631, 5.93265468704053, 5.688180519306607, 6.0035975319666575, 5.980915432822602, 5.8662432337624075], "mean": 5.812686404412256, "standard_deviation": 0.18484473589683675, "confidence_interval": 0.06021475159545989, "max": 6.226339200305258, "min": 5.315195675779977}, "fz": {"values": [25.824176023414445, 25.824176023414445, 25.70620833972835, 25.64259480142319, 25.865979923873677, 26.09397664929927, 25.793358016438567, 25.884559302695948, 25.703266670057094, 25.726992895207108, 25.52522726945925, 25.577703166562827, 25.936700672324857, 25.651575245908013, 25.795789008493852, 25.920529922698535, 25.856765650813966, 25.816203818189585, 25.60644037159024, 25.74257579168971, 25.847857911230342, 25.864986670693234, 25.75951216040825, 25.759490768457987, 25.978828657478694, 25.976551396540515, 26.198066730350167, 26.02757997768054, 25.8588790800856, 25.272190202357685, 25.334833669864803, 25.769359022005624, 25.90793557390762, 25.9061461382665, 25.660519960057936, 25.680912399200473, 25.746983492740767, 25.56362184278151, 25.793356699693017, 25.875596589063896, 25.846684369393707, 25.76359339276622, 25.48177240176158, 25.73047138889052, 25.669157619627796, 25.54450473876495, 25.731754201192647, 25.972387187737848, 25.92930305186443, 25.716534051353822, 25.57329570169492, 25.463590996527195, 25.59920658786681, 25.62722077033182, 25.697469231586318, 25.6691138610276, 25.603990716894202, 25.799030914339358, 25.858536512201873, 25.76156672155512, 25.607039594531923, 25.659701659064346, 25.86893976605508, 25.914111290291174, 26.025229618701694, 25.945753346841272, 25.772836601571193, 25.859887624770302, 25.81749123543345, 25.672873831524072, 25.74589226588275, 25.786478596168216, 25.944592752135854, 25.786614181298916, 25.828260759275068, 25.870805350015267, 26.006862362957772, 26.030386324153795, 26.41690369756986, 25.9390312561479, 25.942376858353146, 25.878916655571444, 25.78754710084575, 25.784057484987024, 25.69999448656941, 25.75135903246459, 25.618408528694218, 25.865463178325644, 26.075273229043166, 25.254844151412094, 25.455758961647426, 25.64581436829419, 25.762944954496046, 25.486737512354406, 25.508380245191503, 25.74004590698981, 25.740522971309936, 25.905430467963292, 25.729519685891816, 25.988419768911324, 25.66209346571332, 26.05632406066963], "mean": 25.77605017758448, "standard_deviation": 0.18218851876339534, "confidence_interval": 0.05934946617579262, "max": 26.41690369756986, "min": 25.254844151412094},