{"duration": 0.10031533241271973, "joint_position": [1.12791616121401, -0.9530638021281739, -0.08450061479677373, -2.431849618951315, -1.5509303251849573, 0.02612614631652832], "fx": {"values": [-6.250787061324965, -6.250787061324965, -7.116672045752896, -6.65289165786444, -6.413977523869351, -6.671824521080621, -6.864611317257227, -6.62485522842303, -6.261623003236137, -6.279137327199071, -6.669300898341881, -6.406012371582282], "mean": -6.538540001438072, "standard_deviation": 0.26435528848695694, "confidence_interval": 0.2510691070150673, "max": -6.250787061324965, "min": -7.116672045752896}, "fy": {"values": [5.9606857737935774, 5.9606857737935774, 5.62266204817688, 5.986000817539826, 5.962345394089809, 5.786278756140001, 5.674904210519819, 5.909100542279562, 5.7066949474819735, 6.00522194116854, 5.854587529701968, 5.803789592445419], "mean": 5.852746443927579, "standard_deviation": 0.12656054633928085, "confidence_interval": 0.1201997642438315, "max": 6.00522194116854, "min": 5.62266204817688}, "fz": {"values": [24.436789383195716, 24.436789383195716, 24.584765565100184, 24.504480582806796, 24.75913381471284, 24.618036073767904, 24.966856355135437, 24.263148578477505, 24.6000369105124, 24.574275407493246, 24.610713812923862, 24.664498374414137], "mean": 24.58496035347798, "standard_deviation": 0.16796703170346927, "confidence_interval": 0.15952520904397274, "max": 24.966856355135437, "min": 24.263148578477505}, "mx": {"values": [-0.8645267259709117, -0.8645267259709117, -0.8737412131219523, -0.8572117254769103, -0.8549667582057341, -0.86981989771632, -0.8695354556557475, -0.8659853085479121, -0.871185502937897, -0.8576870074938536, -0.8628178197787149, -0.8643245062178545], "mean": -0.86469405392456, "standard_deviation": 0.005618331763715503, "confidence_interval": 0.005335961110912433, "max": -0.8549667582057341, "min": -0.8737412131219523}, "my": {"values": [0.32357273214463544, 0.32357273214463544, 0.3476083922529123, 0.33059723444440436, 0.3389817441235376, 0.3358337520447304, 0.3389153853915497, 0.3297062735859148, 0.32718065216263476, 0.3266051731717114, 0.3299433929512582, 0.329693801727628], "mean": 0.33185093884546274, "standard_deviation": 0.006866375263047446, "confidence_interval": 0.006521279432655373, "max": 0.3476083922529123, "min": 0.32357273214463544}, "mz": {"values": [0.028966850888764273, 0.028966850888764273, 0.022833453633325784, 0.031014564778843484, 0.03078752861654277, 0.02420003216650496, 0.030166491794829872, 0.027829797234574447, 0.02293759548098287, 0.025874691521608442, 0.030451439081048373, 0.020648945083848638], "mean": 0.02705652009746985, "standard_deviation": 0.003465228661553533, "confidence_interval": 0.003291070402407282, "max": 0.031014564778843484, "min": 0.020648945083848638}}