{"duration": 0.5003542900085449, "joint_position": [1.1279037634478968, -0.9531119626811524, -0.08453637758363897, -2.431849618951315, -1.5509184042560022, 0.026149988174438477], "fx": {"values": [-6.688659510783603, -6.688659510783603, -6.937534700186901, -6.584472691264995, -6.996234226437644, -7.2026573865299826, -6.389161541846387, -6.572697986038583, -6.854594308331026, -6.603586722620031, -6.766294788341176, -6.7682319650842135, -6.421452138564003, -7.015152448427228, -6.3738100603888075, -6.355382148817585, -6.829327262786833, -6.484513387402369, -6.321497021344988, -6.9636276909787505, -6.699966877248738, -7.092566103649726, -6.820888498337745, -6.776740362815508, -6.312922004946669, -6.509725457740563, -6.656418628242684, -6.494372358718341, -6.652849190571351, -7.079715621378836, -6.917372093681088, -6.546150859984194, -6.470009193986951, -6.750526765987707, -6.758709142795757, -6.407641869373, -7.294986820691419, -6.9513631726381995, -6.903879123162556, -6.938821799360381, -6.489294080999843, -6.4522923532450385, -6.494252249994776, -7.299012718951767, -7.130706047777024, -7.016583107869531, -6.8636547500380045, -6.693490197317985, -6.505639980906369, -7.065224051289653, -6.238874893318712, -6.469365757629453], "mean": -6.722530069838618, "standard_deviation": 0.2687539352324266, "confidence_interval": 0.12261654035150256, "max": -6.238874893318712, "min": -7.299012718951767}, "fy": {"values": [5.888092639225805, 5.888092639225805, 5.847156815795772, 5.425762837696077, 5.7079253860153605, 5.939866780827214, 5.821778366612777, 5.839849753846414, 5.796355241802832, 5.989200608969231, 5.883165878364508, 6.190223740070385, 5.698247044216054, 5.649270090883313, 6.322312580024674, 5.974573155086486, 5.933633586577168, 5.755777330467246, 5.64366300083608, 5.824246411125682, 5.91956605257866, 6.118264546483498, 6.146310436835235, 5.772978868315157, 6.010739815375963, 6.030882061354323, 5.958864698571784, 5.725087011643249, 5.672262367464368, 6.035437372666269, 5.702480819093653, 5.8997474066888556, 5.968524802399047, 5.892401905370925, 5.835254802613806, 6.138059423078404, 5.467049654507657, 5.785091042754837, 5.854012716332518, 5.745798926867304, 5.903604408651396, 5.660169290113349, 5.719771532684128, 5.695469363437493, 5.72111998976973, 6.060505698003177, 6.051440055705131, 5.468165631205232, 6.2848114146559375, 5.73808758227281, 5.512520233164174, 5.642707174690661], "mean": 5.849161172942646, "standard_deviation": 0.19637018096439476, "confidence_interval": 0.08959211033404584, "max": 6.322312580024674, "min": 5.425762837696077}, "fz": {"values": [24.781272417817366, 24.781272417817366, 24.85888728371406, 24.761768823688975, 24.789629107049834, 24.95780975839878, 25.15163702879857, 25.080096874661443, 25.213033268462656, 24.986444958088356, 25.213598444656327, 25.25485859851408, 25.013754847314665, 25.190364055121307, 25.121941600012576, 25.072406062356976, 25.1696163936813, 24.96776407204413, 25.001424176825324, 24.926850382379882, 25.061818101526065, 25.14841924713781, 24.915613156175414, 25.023609058714175, 25.303847863390757, 25.094232214317515, 25.07253725832831, 24.911168008968307, 24.718577085156454, 24.897822873280862, 24.712846597968408, 25.027141813001847, 25.019677502322423, 24.507138072676177, 24.85777913369816, 24.700183074235998, 24.691677988052355, 25.004397405194844, 24.65018989810951, 24.883575478906977, 24.765058660583367, 24.913294488513678, 24.76458433694775, 24.939153934872373, 24.933002983701897, 24.86765149703548, 24.884876158592753, 24.937036160005405, 24.83211277344175, 24.657280100700973, 25.24189506253965, 24.61498261356178], "mean": 24.93937713794353, "standard_deviation": 0.18203591241342695, "confidence_interval": 0.083052230586168, "max": 25.303847863390757, "min": 24.507138072676177}, "mx": {"values": [-0.8643254052658962, -0.8643254052658962, -0.8745092441808762, -0.8739286227106084, -0.8656387370156315, -0.8693875245175031, -0.8678666393672239, -0.8750495687564672, -0.8622492468377377, -0.8574564592577653, -0.8649668252557079, -0.8451977219360438, -0.8687302586408511, -0.86559295858544, -0.8583526036259301, -0.8604676767101254, -0.8570678441519805, -0.8656790843969544, -0.8765462353012619, -0.8618323753615784, -0.8536629634637523, -0.8648574573927497, -0.8618228606966376, -0.8653742874279442, -0.8540620191211352, -0.8506532891866486, -0.8519749606549079, -0.8766186384639604, -0.8671418404961291, -0.865319796601135, -0.8625776840854584, -0.8672916881933761, -0.8547999047607191, -0.8604720232246394, -0.8620207954871482, -0.8639894417305727, -0.8827236045023037, -0.8582496504374383, -0.8648214360336293, -0.8715460394369641, -0.8613336869107144, -0.8741148935598093, -0.8764708170261089, -0.8742425711365801, -0.8538921298428248, -0.8562953408873122, -0.8592107599345225, -0.8729249729295374, -0.8480226340613024, -0.8671763227553106, -0.8693787495057084, -0.8695738250336174], "mean": -0.8642651446561935, "standard_deviation": 0.007939628717310411, "confidence_interval": 0.00362238344212561, "max": -0.8451977219360438, "min": -0.8827236045023037}, "my": {"values": [0.3318559084966395, 0.3318559084966395, 0.3348559297058815, 0.3359716166145035, 0.3458338020888266, 0.3496306777965213, 0.33796219051615994, 0.33336575326288814, 0.3472321154084084, 0.3364804759802694, 0.3373445996419037, 0.34207020788016657, 0.33497568617850326, 0.35325203762814533, 0.33003662135733736, 0.3257281005577164, 0.3391731337340188, 0.3274473137277906, 0.3226867455111354, 0.3457450511003826, 0.3385842936151322, 0.3420687155212171, 0.34183465074832736, 0.3437966731738797, 0.34275146730187367, 0.33525118362301143, 0.33268918435496053, 0.33446594885049524, 0.3344709054660898, 0.3419486799001415, 0.33844433105861393, 0.3362512209398404, 0.3379925209332566, 0.33503308488276495, 0.3336766738609587, 0.3329710128496185, 0.34824960475452177, 0.35139595094670817, 0.3449387989744505, 0.3352582153157489, 0.3315739035154587, 0.32966037405116666, 0.33193503652395717, 0.3558234499911289, 0.3538909072299141, 0.3481437418218743, 0.3415649495601503, 0.3350064798540704, 0.3373574164220544, 0.34181030076295876, 0.33112785715506393, 0.3307739229144383], "mean": 0.33835087177995543, "standard_deviation": 0.0073193702053810225, "confidence_interval": 0.0033393961333422826, "max": 0.3558234499911289, "min": 0.3226867455111354}, "mz": {"values": [0.02421214501055151, 0.02421214501055151, 0.018508626641846507, 0.024439991973338224, 0.0241180278573552, 0.03208054349914835, 0.029506689989659884, 0.022155519940383464, 0.02109663853599357, 0.026760559256729544, 0.024166154174053975, 0.03012899117800251, 0.02220784264653697, 0.026081649900504378, 0.02927396812776803, 0.024098627760167454, 0.028731029169762085, 0.02277260238389535, 0.03298421254078232, 0.025228049285260484, 0.02658721966099621, 0.020211358472010568, 0.022916335150227354, 0.021624374774830812, 0.02151502240189966, 0.01921737440710594, 0.02249378886443823, 0.028230436068327286, 0.02565323019331381, 0.023481501454568718, 0.018179057020517905, 0.023872140333878675, 0.025736621681289595, 0.02579159997236498, 0.02378669737527153, 0.026109814362427902, 0.013559296078881428, 0.016093941827590955, 0.02959910381213149, 0.02898749744895253, 0.027249817499352694, 0.024830574757572416, 0.032917385759617335, 0.02193480626874557, 0.0258936959987182, 0.027153499789563426, 0.03020122788853971, 0.020126942918921434, 0.03321534572120251, 0.02158852658664033, 0.025393091677245003, 0.018621128783252075], "mean": 0.024721855190243995, "standard_deviation": 0.004237149877625306, "confidence_interval": 0.0019331611218860456, "max": 0.03321534572120251, "min": 0.013559296078881428}}