{"duration": 0.5003190040588379, "joint_position": [1.1279285589801233, -0.9531000417521973, -0.08452397981752569, -2.43186153988027, -1.5509303251849573, 0.026149988174438477], "fx": {"values": [-6.738489805388565, -6.738489805388565, -6.8134999132733105, -6.708706079121231, -6.649184365800021, -6.638609997320999, -6.518499101108613, -6.61073713559735, -6.603754152044581, -6.885090750865522, -6.406920209099196, -5.9154806521109675, -6.673293202077364, -5.956256192223746, -6.638661129760942, -6.737903880971467, -6.983800285802205, -6.7114774606583385, -6.785929640374987, -6.690499971316727, -6.893119181431155, -6.614535006524235, -7.105069898835386, -6.759220491106034, -6.561520429916498, -6.757331077482624, -6.642428754716688, -6.656753808054987, -6.910056502396667, -6.780110698646986, -6.645956146666469, -6.794003917862119, -6.554060898719715, -6.473141370821123, -6.316535264221944, -6.591163243152845, -7.091824868513397, -7.220975312332237, -6.760396782532484, -6.4753392311807625, -6.9108997747115355, -7.018305512497218, -6.738522659256317, -7.010666159391318, -6.648105365267812, -6.74311567613393, -6.66459527184896, -6.281473272527419, -6.92529862763687, -6.18722216338633, -6.633564256547755, -6.777080899956532], "mean": -6.683609158741943, "standard_deviation": 0.24818523829641678, "confidence_interval": 0.11323225931520474, "max": -5.9154806521109675, "min": -7.220975312332237}, "fy": {"values": [5.820202330679366, 5.820202330679366, 6.243026950500327, 5.816820031137036, 5.8062584026380275, 6.116314595082601, 5.787062995871386, 5.928801669789542, 5.909629988150932, 5.666082906945902, 5.996437660902201, 5.7104798079166805, 5.626324406408019, 6.039760639538778, 5.679753691936792, 6.042493948871932, 5.955047131160587, 5.767496221073905, 5.890808976680216, 6.041171913956423, 6.011291184904752, 6.1032109295546455, 5.889373232251366, 5.622944448674579, 6.10170172638886, 5.891748964073642, 5.663233198592007, 5.885755078036414, 6.027209783511682, 6.040395232611106, 5.4411112096178265, 5.8364495868678405, 5.75844559919846, 5.766183450339624, 5.770446869274194, 5.831502364777546, 5.657668932234151, 6.159263373577612, 5.962954274465542, 5.8893046999919925, 5.9436826031218475, 5.62456491412069, 5.631151059955598, 5.786836625873324, 6.037766427194661, 5.738498876114402, 5.559491190278186, 5.80939813897524, 5.923061926985392, 5.586273368667323, 5.74268900651378, 5.48757340619571], "mean": 5.843179966978078, "standard_deviation": 0.1773668289265292, "confidence_interval": 0.08092200368072525, "max": 6.243026950500327, "min": 5.4411112096178265}, "fz": {"values": [25.13815140760336, 25.13815140760336, 25.003303155959088, 24.960943348237436, 24.845652736435035, 25.14761634337259, 25.063388686368345, 25.011605690146354, 24.934763937735454, 24.84100274462967, 24.960067655126792, 24.881794836767526, 24.98724477985718, 24.813439289601334, 24.847292503982708, 25.027384594583324, 24.760880919886, 24.72028094063519, 24.931682552097218, 24.760220215586884, 24.515034734399926, 24.998939893279722, 25.03887142573639, 24.961209521566392, 24.923685371503375, 25.175420103050925, 25.243139111471375, 25.05177247210101, 24.759978564688062, 24.999667269778435, 24.940557006503298, 24.599790096658744, 25.3280478546747, 24.6740999312087, 24.752672304199926, 24.831878935237892, 24.736254583449433, 25.011827504859628, 24.529703738765317, 25.03174705290591, 25.420481476937375, 25.026936936958304, 25.081273638097414, 25.081923495768216, 25.003193096909513, 25.010194129074215, 24.860791203211935, 24.999756127216884, 24.946656817563376, 25.03910967356544, 24.78885571798753, 24.5634432525014], "mean": 24.93657270746241, "standard_deviation": 0.18527224388679647, "confidence_interval": 0.08452877740715524, "max": 25.420481476937375, "min": 24.515034734399926}, "mx": {"values": [-0.8661150194840752, -0.8661150194840752, -0.8554488204864497, -0.8676831091761251, -0.8658303670666909, -0.8521021321915883, -0.8603434976042628, -0.8656461243109097, -0.8552945914413624, -0.8797822777693226, -0.8589823430673051, -0.8610331819527135, -0.8734497708526666, -0.8658860003073761, -0.8709761986184106, -0.8576631494582558, -0.8675820270666503, -0.8655413914556296, -0.864367373164832, -0.8591388293575359, -0.8635438111481042, -0.8641310879315625, -0.857259300557985, -0.8710394503816219, -0.8612242586701009, -0.8702835281084677, -0.8657357076761671, -0.8661139902640771, -0.85492452710512, -0.8633053610041215, -0.8694131017132021, -0.8661442005859132, -0.870026175547008, -0.8688613059412724, -0.8630102618810718, -0.8684193623163563, -0.8696966361079415, -0.8521702464408099, -0.8648422430498852, -0.8617246099620415, -0.8589956624039293, -0.8668076623570737, -0.8757109668548743, -0.8664349784854901, -0.8635972004465045, -0.8738367881330993, -0.8669081716811131, -0.8619346742660732, -0.8622060820726429, -0.8617307240785038, -0.8697784034206093, -0.8678975215882772], "mean": -0.8647440235864857, "standard_deviation": 0.005676030709319288, "confidence_interval": 0.0025896374239272645, "max": -0.8521021321915883, "min": -0.8797822777693226}, "my": {"values": [0.32894591176799376, 0.32894591176799376, 0.3433021623488798, 0.3300067976172171, 0.3381817167348475, 0.33600383376902576, 0.3340735303335175, 0.3378596457798423, 0.3286586375871584, 0.3431715206390698, 0.3340605945086964, 0.31490070248991603, 0.33655262920433493, 0.31612063869538043, 0.3469737539278291, 0.3409803677957431, 0.3456912056185682, 0.3417607945058946, 0.3435213000119215, 0.3317570763654405, 0.3380316671768594, 0.330646639430746, 0.34356682890148277, 0.3344384384129905, 0.32383155112478074, 0.33457000995449104, 0.33893093886983927, 0.33367956834497037, 0.33467637431287633, 0.32525443880648763, 0.3299502886771839, 0.3355785147402036, 0.33376030308491944, 0.3295493239915088, 0.3319859055065565, 0.33187782925299153, 0.34417873159564494, 0.34343561256433225, 0.340705773035514, 0.32738371784465603, 0.3392221847583965, 0.3459321600018903, 0.341810439282185, 0.3452962000477179, 0.3360430569578636, 0.34306715556529127, 0.33099282331071844, 0.3392027562634318, 0.3422252938110537, 0.3246961934695859, 0.345657429134294, 0.34318166050991733], "mean": 0.3358620873117435, "standard_deviation": 0.007378625313412104, "confidence_interval": 0.003366430737835208, "max": 0.3469737539278291, "min": 0.31490070248991603}, "mz": {"values": [0.026312981589455955, 0.026312981589455955, 0.03476107863230048, 0.027048063942402556, 0.028671086196709494, 0.025205377798727086, 0.024898741342837857, 0.02902681348405174, 0.02389109509840616, 0.030076831536064094, 0.019764763875571204, 0.03046015338645705, 0.030538966342590262, 0.02539800649515249, 0.02153231114033277, 0.025982160588171446, 0.024675445510638133, 0.0216708640533627, 0.029691663533923857, 0.02081081917958695, 0.025779294246035422, 0.01120351859054855, 0.021081107909537655, 0.02639713852016709, 0.025648975299816093, 0.018269620520356897, 0.025133055738819743, 0.02224084815975394, 0.024887824246320828, 0.026542905685005377, 0.02471305902957928, 0.027055142487370037, 0.02466134575894327, 0.031108986607250533, 0.03218029871118239, 0.02499363194215226, 0.019298947398738414, 0.02293263089313785, 0.023897444626242784, 0.022513791444510434, 0.024263207172453075, 0.021022883571334097, 0.023686428586643424, 0.02518483130643312, 0.02437157746703622, 0.028789768455168965, 0.028027576942349572, 0.02216860031171604, 0.03006994101707547, 0.03311049226380179, 0.03291590845856274, 0.02938050014051885], "mean": 0.025581951708168467, "standard_deviation": 0.004203306986960374, "confidence_interval": 0.0019177206106048275, "max": 0.03476107863230048, "min": 0.01120351859054855}}