{"duration": 0.10030484199523926, "joint_position": [1.1279285589801233, -0.9531119626811524, -0.08452397981752569, -2.43186153988027, -1.5509184042560022, 0.026149988174438477], "fx": {"values": [-6.806692081864457, -6.806692081864457, -6.193620891138222, -6.900542525761544, -6.225842795052933, -6.922408347201195, -6.856155164022088, -6.871870104288179, -6.586956236508373, -7.049753386238864, -7.138393712180333, -6.599127901172465], "mean": -6.746504602274425, "standard_deviation": 0.282715436667477, "confidence_interval": 0.2685064960483301, "max": -6.193620891138222, "min": -7.138393712180333}, "fy": {"values": [6.231399457279424, 6.231399457279424, 5.968842968123273, 5.78722108906622, 5.881126819435713, 5.968433026316245, 5.774257360711015, 5.702016066686259, 5.790444532895657, 5.9282252189003595, 5.9921699323448365, 5.587656667299125], "mean": 5.90359938302813, "standard_deviation": 0.18615741845951758, "confidence_interval": 0.17680136865946344, "max": 6.231399457279424, "min": 5.587656667299125}, "fz": {"values": [24.7523624097879, 24.7523624097879, 24.36718886220089, 25.036800561174175, 24.71022198281662, 24.513962261325496, 24.901261364352273, 24.363623899469715, 24.484696724667412, 24.928368329751784, 24.613137117168804, 24.91707363661897], "mean": 24.695088296593497, "standard_deviation": 0.21812368105957342, "confidence_interval": 0.20716104503113983, "max": 25.036800561174175, "min": 24.363623899469715}, "mx": {"values": [-0.8507439997170463, -0.8507439997170463, -0.8577995570750412, -0.8627550287880481, -0.860589490561975, -0.8682413564392062, -0.8635658388252677, -0.8718014695849747, -0.8710680744395751, -0.8648757226916612, -0.8539710155195063, -0.870019461892405], "mean": -0.8621812512709793, "standard_deviation": 0.007245432411171083, "confidence_interval": 0.0068812856206601014, "max": -0.8507439997170463, "min": -0.8718014695849747}, "my": {"values": [0.34188280511681135, 0.34188280511681135, 0.32785375237371484, 0.33766100095004314, 0.32031707281932126, 0.32931942412207704, 0.341206212969757, 0.3416493888174187, 0.329142524727028, 0.3486044907429876, 0.3483358465123347, 0.3319817589053987], "mean": 0.33665309026447526, "standard_deviation": 0.008451029597523606, "confidence_interval": 0.008026290930483286, "max": 0.3486044907429876, "min": 0.32031707281932126}, "mz": {"values": [0.02365651858906412, 0.02365651858906412, 0.026483937594889706, 0.02810821092350564, 0.02962092622482254, 0.025537810122614482, 0.029957806184370606, 0.024598801319939828, 0.02748494837243283, 0.02985301487791546, 0.03281162102200609, 0.02454334653583648], "mean": 0.027192788363038494, "standard_deviation": 0.0028153264984614895, "confidence_interval": 0.0026738315468179384, "max": 0.03281162102200609, "min": 0.02365651858906412}}