{"duration": 0.10032105445861816, "joint_position": [1.1278923193561, -0.9531119626811524, -0.08448869386781865, -2.431849618951315, -1.5509064833270472, 0.026102304458618164], "fx": {"values": [-6.768871369674592, -6.768871369674592, -6.46573992862514, -6.175413681472262, -6.5660191457516035, -6.698377157082438, -6.798514510844665, -6.6480235423447, -6.899629522470621, -6.741012729363782, -6.619766994202826, -6.477632916928119], "mean": -6.6356560723696125, "standard_deviation": 0.18655920294917455, "confidence_interval": 0.17718295993992558, "max": -6.175413681472262, "min": -6.899629522470621}, "fy": {"values": [5.746448425782329, 5.746448425782329, 5.847399996081222, 6.087507807126158, 5.651794054415815, 5.888080749935946, 5.78199269191196, 5.728019652813741, 6.067596466096319, 5.799352821950325, 5.808496420925493, 5.588018490002561], "mean": 5.8117630002353495, "standard_deviation": 0.1416650728809411, "confidence_interval": 0.13454515529844294, "max": 6.087507807126158, "min": 5.588018490002561}, "fz": {"values": [24.515364232474802, 24.515364232474802, 24.634215619534984, 24.659566603299147, 24.532279950284114, 24.29816201164747, 24.51152286041689, 24.66817715391994, 24.342136004076533, 24.5549776692812, 24.709500524730966, 24.47388696209716], "mean": 24.534596152019834, "standard_deviation": 0.11982541952240192, "confidence_interval": 0.11380313686699559, "max": 24.709500524730966, "min": 24.29816201164747}, "mx": {"values": [-0.8684727623992268, -0.8684727623992268, -0.8643547141363972, -0.8600217157146235, -0.8605669755628285, -0.8702978321065606, -0.8637404906023637, -0.8683375141284295, -0.8636676942440489, -0.8623200004376868, -0.8609306568722441, -0.8743196857671618], "mean": -0.8654585670308997, "standard_deviation": 0.004277987150462593, "confidence_interval": 0.004062980619135861, "max": -0.8600217157146235, "min": -0.8743196857671618}, "my": {"values": [0.33421503873620306, 0.33421503873620306, 0.3303308911278475, 0.32514496245862284, 0.33843928896367353, 0.3342767385338857, 0.3271845517337449, 0.33968707282909516, 0.3414907446188848, 0.338765774102768, 0.3411538053027305, 0.32631521152898235], "mean": 0.33426825988938674, "standard_deviation": 0.0056179529020971815, "confidence_interval": 0.005335601290427136, "max": 0.3414907446188848, "min": 0.32514496245862284}, "mz": {"values": [0.018520468647409583, 0.018520468647409583, 0.015912533100958803, 0.03056891953014032, 0.02153871590905962, 0.021262402205650177, 0.03410935665232266, 0.019666103033842072, 0.03124817704917894, 0.02595460019807587, 0.02256292550794098, 0.023723446098756498], "mean": 0.023632343048395427, "standard_deviation": 0.00547736711568228, "confidence_interval": 0.00520208117794434, "max": 0.03410935665232266, "min": 0.015912533100958803}}