{"duration": 1.0003232955932617, "joint_position": [1.1279037634478968, -0.9531238836101075, -0.08452397981752569, -2.43186153988027, -1.5509422461139124, 0.0261383056640625], "fx": {"values": [-7.0276029651051175, -7.0276029651051175, -6.831407006145354, -6.745238822823355, -6.946262799395159, -6.628053413913588, -6.784116073296297, -6.476535649968867, -6.977004917276995, -6.8996150671566685, -6.779414639154012, -6.920245262258267, -6.804767015467097, -6.714785329541899, -6.902022745545535, -6.888076753309772, -6.642333203325719, -6.954207995001138, -6.679912289449476, -6.5443330781302596, -7.011557569149634, -6.569130475357557, -6.845930037099025, -6.531229359079314, -6.988778476809602, -6.722710525197673, -6.741236922446563, -6.486320348366709, -6.234148257020271, -6.853837444274915, -6.437324650424889, -7.079022076805977, -6.669958211410983, -6.6585686758259115, -6.905382833531715, -6.8118173589527, -6.48392226716972, -6.59605052604748, -7.093746674408983, -6.609777474080289, -6.7700063680808835, -7.095099732917605, -6.9866135481213, -6.840421542722806, -7.044729143408638, -6.629171469622496, -6.981006652819507, -6.81197538874302, -7.316526092702858, -6.9430369109837695, -6.550074765913006, -7.368570260063806, -6.45929290058107, -6.735381137023303, -6.851061108406807, -6.6493003814893745, -7.003187777996949, -6.77700238853099, -6.629515112300754, -6.119214919715718, -6.665232007725679, -6.456056744993479, -6.718878301430832, -6.7423246218930375, -6.39645968281053, -6.769223102755301, -6.838653329196921, -6.784810779236676, -7.414551188437145, -6.5038408362367806, -6.602772482142212, -6.505394856362365, -6.7412456693654, -6.959190412654401, -7.602424916960861, -6.813135793770294, -6.838096801343788, -7.408832876789572, -6.935889760291476, -6.547488662084199, -6.988011104110376, -6.991473454351049, -7.159294895720288, -6.773077822391158, -7.108681926267255, -6.9765743481734335, -6.8956370066092, -7.092860388591466, -7.62522213507475, -7.161089103914856, -6.430760718786815, -6.848383765122778, -6.853664969935162, -6.789615161540108, -6.827126985501135, -7.206363745813659, -6.7488663178795925, -6.862343116129834, -7.101881609944971, -6.378484631683563, -6.727403738663126, -6.945772563580043], "mean": -6.821590863659217, "standard_deviation": 0.2630852555419452, "confidence_interval": 0.08570226917215343, "max": -6.119214919715718, "min": -7.62522213507475}, "fy": {"values": [5.684501674274414, 5.684501674274414, 5.818418423731082, 5.465736971936391, 5.794037652315636, 5.435933196812521, 5.901701278940463, 5.809727700862074, 5.859747917807733, 5.813640318013928, 5.931138165621775, 6.034898121013227, 5.78139692971973, 5.5651724072663376, 5.94154339419288, 5.40010323819038, 5.804883783025691, 6.141674799466662, 6.054351553565178, 5.614156434234511, 5.909343938625459, 5.900599045570998, 5.774893150965773, 6.2266760305544775, 5.825613883924126, 5.58062513900797, 5.872991031949771, 5.623763800819473, 5.91405340122426, 5.605190246551162, 5.833588297912421, 5.83950126650736, 5.971597401456864, 6.0966870128318815, 5.787103082550116, 5.842486281544353, 5.756028949561453, 5.625294073894527, 5.6603792408429525, 5.667510393949597, 5.726571872586858, 5.689881968541794, 6.146214414581027, 6.0712445659425045, 6.0851066472686375, 5.605501429893762, 5.8196203899420365, 5.82705119838543, 5.6511862916681705, 6.154984300311951, 5.694802592518148, 5.970795546423442, 5.877133191400605, 5.750750634909572, 5.523402887199037, 5.558569116841234, 5.704059959168772, 5.745924042159416, 5.5800779258999285, 5.854964257799282, 5.651638429946356, 5.917940891808909, 5.702704057144764, 5.602016471167508, 5.549319488436362, 5.781726427947472, 5.744668995220719, 5.824236095635858, 5.622586304296343, 5.462147412630291, 5.6985585247288295, 5.191016318099667, 5.6510703102088575, 5.532940515499334, 5.973586590973885, 5.791683501138046, 5.7870504930996125, 5.38985912543556, 5.432480928702644, 5.843378214932837, 5.348178592960211, 5.605881839498288, 5.535102614962648, 5.7792667026055735, 5.615626226443342, 5.742521190794292, 6.0813871014366505, 6.163502485764303, 5.743134901077209, 5.859611815661023, 5.754612709257937, 5.684999788108135, 5.705437638690988, 5.638256355189868, 5.609636150832048, 5.518483150122826, 5.571503533132233, 5.681370592492458, 5.672630847960199, 5.829797777099456, 6.030048252608017, 5.629085722455111], "mean": 5.753330584560378, "standard_deviation": 0.19434189042315153, "confidence_interval": 0.06330853080367552, "max": 6.2266760305544775, "min": 5.191016318099667}, "fz": {"values": [26.07863494280662, 26.07863494280662, 25.916077310069085, 26.091794606749954, 25.820620364729592, 25.815244508992013, 25.92740443557654, 26.1793882737805, 26.054717900193623, 25.630528456305342, 25.360181396830114, 25.793277264807237, 25.77093804590594, 26.25329173126644, 25.914446154171614, 25.746317728921024, 26.12997624019642, 25.907809514765706, 26.06474994857766, 25.92291501367417, 25.72177581490189, 25.9736704253805, 26.175217392994593, 25.9913771128958, 25.670240914455473, 25.953858498873316, 25.857848188642237, 26.12387167845909, 26.131226746447027, 26.210200243284895, 26.30322663808636, 25.85302035427554, 26.15959406483193, 25.66981151334445, 25.85355038185231, 25.86250823793558, 25.79801483282747, 26.198945645388676, 25.93158346588872, 26.103907956889948, 25.804843348581848, 26.04096231403439, 25.930762874652387, 26.025594582455376, 26.00459004392698, 25.62888088444371, 25.8266924558223, 25.643929883273543, 25.71334098788987, 25.92561942900094, 25.978743367678284, 25.710955051791796, 25.61507904174001, 25.98138893024161, 25.922866004210142, 25.877026589309363, 25.90147353839743, 25.843593176228346, 26.2027236946915, 26.11249636459908, 25.899285588190555, 26.109952506389092, 25.95151255727612, 25.97986784275102, 25.826258149642953, 25.646938370117695, 26.203155046858367, 25.75072335617564, 25.97906768084723, 25.96851728190402, 25.699170545016734, 25.571466961170692, 25.448963148240207, 25.686528915545356, 25.79946599060549, 25.765032387153695, 25.616670370180092, 25.86558588976257, 25.822616839741997, 25.747357234574498, 25.685096687479678, 25.452259597732112, 25.717413304016034, 25.58476707966465, 25.850237497566347, 25.914846956992697, 25.80077647487586, 25.474521035845115, 25.66448010493726, 25.89764521037182, 25.584659262761072, 25.553102988140516, 25.66973284949098, 25.913264568213876, 25.842035186601425, 25.70829892539063, 25.68769780464145, 25.817154391249673, 25.78777714735437, 25.72906224206037, 25.417832332692598, 26.114897863806537], "mean": 25.861741741429224, "standard_deviation": 0.20058877199849098, "confidence_interval": 0.06534350583545168, "max": 26.30322663808636, "min": 25.360181396830114},