{"accuracy": {"mean": 0.9681, "std_dev": 0.00549, "iqr": 0.00686, "cv": 0.00567, "95_confidence_interval": [0.96701, 0.96919]}, "recall": {"mean": 0.9356, "std_dev": 0.01105, "iqr": 0.01385, "cv": 0.01181, "95_confidence_interval": [0.93341, 0.93779]}, "precision": {"mean": 0.94232, "std_dev": 0.00921, "iqr": 0.01121, "cv": 0.00978, "95_confidence_interval": [0.9405, 0.94415]}, "f1": {"mean": 0.9359, "std_dev": 0.01103, "iqr": 0.01394, "cv": 0.01178, "95_confidence_interval": [0.93372, 0.93809]}}