{"accuracy": {"mean": 0.96421, "std_dev": 0.00925, "iqr": 0.01272, "cv": 0.0096, "95_confidence_interval": [0.96238, 0.96605]}, "recall": {"mean": 0.92743, "std_dev": 0.01879, "iqr": 0.02568, "cv": 0.02026, "95_confidence_interval": [0.9237, 0.93115]}, "precision": {"mean": 0.93634, "std_dev": 0.01278, "iqr": 0.01788, "cv": 0.01365, "95_confidence_interval": [0.9338, 0.93887]}, "f1": {"mean": 0.92835, "std_dev": 0.01819, "iqr": 0.02528, "cv": 0.01959, "95_confidence_interval": [0.92474, 0.93196]}}