{"accuracy": {"mean": 0.96501, "std_dev": 0.00941, "iqr": 0.01217, "cv": 0.00975, "95_confidence_interval": [0.96314, 0.96688]}, "recall": {"mean": 0.92907, "std_dev": 0.01908, "iqr": 0.02473, "cv": 0.02054, "95_confidence_interval": [0.92528, 0.93286]}, "precision": {"mean": 0.93797, "std_dev": 0.01252, "iqr": 0.01726, "cv": 0.01335, "95_confidence_interval": [0.93549, 0.94046]}, "f1": {"mean": 0.9298, "std_dev": 0.01853, "iqr": 0.02448, "cv": 0.01992, "95_confidence_interval": [0.92613, 0.93348]}}