{"accuracy": {"mean": 0.96284, "std_dev": 0.00751, "iqr": 0.0094, "cv": 0.0078, "95_confidence_interval": [0.96135, 0.96433]}, "recall": {"mean": 0.9247, "std_dev": 0.01519, "iqr": 0.01898, "cv": 0.01642, "95_confidence_interval": [0.92169, 0.92772]}, "precision": {"mean": 0.93402, "std_dev": 0.01138, "iqr": 0.01197, "cv": 0.01219, "95_confidence_interval": [0.93177, 0.93628]}, "f1": {"mean": 0.92569, "std_dev": 0.01472, "iqr": 0.01836, "cv": 0.01591, "95_confidence_interval": [0.92276, 0.92861]}}