{"accuracy": {"mean": 0.96617, "std_dev": 0.00896, "iqr": 0.0125, "cv": 0.00927, "95_confidence_interval": [0.96439, 0.96795]}, "recall": {"mean": 0.93139, "std_dev": 0.01818, "iqr": 0.0253, "cv": 0.01952, "95_confidence_interval": [0.92778, 0.935]}, "precision": {"mean": 0.93926, "std_dev": 0.01173, "iqr": 0.01827, "cv": 0.01249, "95_confidence_interval": [0.93693, 0.94159]}, "f1": {"mean": 0.93211, "std_dev": 0.01754, "iqr": 0.02502, "cv": 0.01882, "95_confidence_interval": [0.92863, 0.93559]}}